poi_id,poi_name,poi_geometry,poi_lat,poi_lng,poi_cate,is_area,parent_poi_id,frame_n_total,is_focal
1.0,% Arabica,POINT (114.1266778 22.2836703),22.2836703,114.1266778,dining,1,,8,0
2.0,1453 Ottoman Mediterranean,POINT (114.1708771 22.3171148),22.3171148,114.1708771,dining,1,,1,0
3.0,1881 Heritage,POINT (114.1699524 22.2954731),22.2954731,114.1699524,shopping,1,,102,1
4.0,2 Café,POINT (114.1522558 22.2854205),22.2854205,114.1522558,dining,1,,8,0
7.0,7-Eleven (Hong Kong Airport),POINT (113.9345365 22.3151516),22.3151516,113.9345365,shopping,1,,2,0
8.0,AIA Carnival,POINT (114.1623725 22.2848624),22.2848624,114.1623725,entertainment,1,,23,0
9.0,AKI Hotel ,POINT (114.1768852 22.279232),22.279232,114.1768852,hotel,1,,1,0
10.0,ANA TEN,POINT (114.1649222 22.2948101),22.2948101,114.1649222,dining,1,,3,0
11.0,ARTISTA PERFETTO,POINT (114.2687451 22.2963405),22.2963405,114.2687451,dining,1,,6,0
12.0,Aberdeen,POINT (114.1524398 22.2483068),22.2483068,114.1524398,area,1,,37,0
13.0,Aberdeen Fisherman's Wharf Pier 6,POINT (114.1535512 22.247364),22.247364,114.1535512,shopping,1,,1,0
14.0,Aberdeen/Stanley,POINT (114.2103229 22.2171761),22.2171761,114.2103229,transit,1,,1,0
15.0,Admiralty,POINT (114.1654865 22.2796357),22.2796357,114.1654865,area,1,,64,0
16.0,Admiralty Station,POINT (114.164559 22.279412),22.279412,114.164559,transit,1,,19,0
17.0,Adventureland,POINT (114.0418289 22.3112911),22.3112911,114.0418289,entertainment,1,,124,1
18.0,After You Dessert Café,POINT (114.1724321 22.2756789),22.2756789,114.1724321,dining,1,,1,0
19.0,Alice Pizza,POINT (114.1698424 22.2763772),22.2763772,114.1698424,dining,1,,10,0
20.0,Amo·Ago,POINT (114.1528319 22.281566),22.281566,114.1528319,dining,1,,2,0
21.0,Animation Academy,POINT (114.0437105 22.3133849),22.3133849,114.0437105,entertainment,1,,5,0
22.0,Ap Lei Pai,POINT (114.1606562 22.2312142),22.2312142,114.1606562,natural,1,,3,0
23.0,Apliu St,POINT (114.1635581 22.3289752),22.3289752,114.1635581,city,1,,17,0
25.0,Apt. Coffee Wanchai,POINT (114.1684939 22.2761649),22.2761649,114.1684939,dining,1,,6,0
26.0,Aqua City,POINT (114.0284025 22.4426938),22.4426938,114.0284025,entertainment,1,,2,0
27.0,Arena Kitchen,POINT (113.9448604 22.3220854),22.3220854,113.9448604,dining,1,,2,0
28.0,Argyle Centre,POINT (114.169716 22.3198782),22.3198782,114.169716,shopping,1,,9,0
29.0,Argyle St,POINT (114.1802721 22.3224065),22.3224065,114.1802721,city,1,,7,0
30.0,ArtLane,POINT (114.141454 22.2872084),22.2872084,114.141454,cultural,1,,20,0
31.0,Arte M,POINT (114.2075017 22.2915374),22.2915374,114.2075017,cultural,1,,33,0
32.0,Artemis & Apollo,POINT (114.1685466 22.2762938),22.2762938,114.1685466,dining,1,,1,0
33.0,AsiaWorld-Expo,POINT (113.943288 22.321343),22.321343,113.943288,city,1,,30,0
34.0,Attitude on Granville,POINT (114.1737367 22.2998247),22.2998247,114.1737367,hotel,1,,11,0
35.0,Austin Station,POINT (114.1661027 22.3052927),22.3052927,114.1661027,transit,1,,11,0
36.0,Australia Dairy Company,POINT (114.1705439 22.304628),22.304628,114.1705439,dining,1,,111,1
37.0,Avenue Of Stars,POINT (114.1768095 22.2959455),22.2959455,114.1768095,city,1,,825,1
38.0,B P International,POINT (114.1699955 22.3030474),22.3030474,114.1699955,hotel,1,,3,0
39.0,BAPE Café,POINT (114.1679679 22.2978861),22.2978861,114.1679679,dining,1,,3,0
40.0,BASAO,POINT (114.1686819 22.2761797),22.2761797,114.1686819,dining,1,,1,0
41.0,BRAZA Churrascaria,POINT (114.155446 22.2804855),22.2804855,114.155446,dining,1,,1,0
42.0,Bacha Coffee,POINT (114.1578927 22.2860413),22.2860413,114.1578927,dining,1,,6,0
43.0,Baked Tai Hang,POINT (114.1681945 22.2775159),22.2775159,114.1681945,dining,1,,3,0
44.0,Bakehouse (Causeway Bay),POINT (114.1840529 22.2794084),22.2794084,114.1840529,dining,1,,9,0
45.0,Bakehouse (Central),POINT (114.153144 22.2817302),22.2817302,114.153144,dining,1,,9,0
46.0,Bakehouse (Wan Chai),POINT (114.1713876 22.2758732),22.2758732,114.1713876,dining,1,,943,1
47.0,Baker by LUBUDS,POINT (114.2176635 22.285593),22.285593,114.2176635,dining,1,,4,0
48.0,Bar Leone,POINT (114.151134 22.2835262),22.2835262,114.151134,dining,1,,10,0
49.0,Barker Rd,POINT (114.1581584 22.2706545),22.2706545,114.1581584,city,1,,8,0
50.0,Be With Years,POINT (114.1865894 22.304575),22.304575,114.1865894,dining,1,,9,0
51.0,Bee Cheng Hiang,POINT (114.170542 22.2979),22.2979,114.170542,shopping,1,,6,0
52.0,Best Western Hotel,POINT (114.1806795 22.2770716),22.2770716,114.1806795,hotel,1,,6,0
53.0,Best Western Plus Hotel,POINT (114.1390785 22.2872577),22.2872577,114.1390785,hotel,1,,13,0
54.0,Big Grizzly Mountain Runaway Mine Cars,POINT (114.0422037 22.3099001),22.3099001,114.0422037,entertainment,1,,229,1
55.0,Big Wave Bay,POINT (114.2501946 22.2453604),22.2453604,114.2501946,natural,1,,7,0
56.0,Big Wave Bay Beach,POINT (114.247163 22.246575),22.246575,114.247163,natural,1,,6,0
57.0,Bing Kee Cha Dong,POINT (114.1922811 22.2784666),22.2784666,114.1922811,dining,1,,10,0
58.0,Bird Market,POINT (114.1739371 22.3259562),22.3259562,114.1739371,shopping,1,,3,0
60.0,Blue Bottle Coffee,POINT (114.1691362 22.2760081),22.2760081,114.1691362,dining,1,,23,0
61.0,Blue Coast,POINT (114.1672404 22.2470253),22.2470253,114.1672404,city,1,,5,0
62.0,Blue House,POINT (114.1741481 22.2739309),22.2739309,114.1741481,cultural,1,,4,0
63.0,Bonham Strand,POINT (114.1509556 22.2860165),22.2860165,114.1509556,city,1,,1,0
64.0,Bowen Rd,POINT (114.168185 22.273932),22.273932,114.168185,city,1,,3,0
65.0,Braemar Hill,POINT (114.1998 22.285819),22.285819,114.1998,outdoor,1,,26,0
66.0,Brick Hill (Nam Long Shan),POINT (114.1721746 22.2430067),22.2430067,114.1721746,outdoor,0,,5,0
67.0,Bridal Tea House Hotel,POINT (114.1706243 22.3109522),22.3109522,114.1706243,hotel,0,,8,0
69.0,British Consulate General,POINT (114.164989 22.276156),22.276156,114.164989,city,0,,1,0
70.0,Brooklyn Bar and Grill,POINT (114.1526068 22.2822636),22.2822636,114.1526068,dining,0,,9,0
71.0,Buddhist World in the South Archway,POINT (113.9045697 22.2552379),22.2552379,113.9045697,religion,0,,5,0
72.0,Bute St,POINT (114.16861 22.3220107),22.3220107,114.16861,city,0,,2,0
73.0,C Dessert,POINT (114.1709262 22.2769227),22.2769227,114.1709262,dining,0,,5,0
74.0,CHAGEE,POINT (114.17328 22.297559),22.297559,114.17328,dining,0,,13,0
76.0,COA,POINT (114.1520992 22.2840082),22.2840082,114.1520992,dining,0,,5,0
77.0,Cable Car Discovery Centre,POINT (113.9033108 22.2562165),22.2562165,113.9033108,cultural,0,,8,0
78.0,Cafe Aficionado,POINT (113.9342088 22.3190698),22.3190698,113.9342088,dining,0,,1,0
80.0,Cafe Match Box,POINT (114.1845646 22.282017),22.282017,114.1845646,dining,0,,6,0
81.0,Cafe Seasons,POINT (114.1554144 22.2846781),22.2846781,114.1554144,dining,0,,2,0
82.0,Café Ocean,POINT (114.1714354 22.2345036),22.2345036,114.1714354,dining,0,,1,0
83.0,California Hotel,POINT (114.1723522 22.2978257),22.2978257,114.1723522,hotel,0,,7,0
84.0,Camlux Hotel,POINT (114.2060171 22.3237639),22.3237639,114.2060171,hotel,0,,2,0
85.0,Camp Four Bouldering Gym,POINT (114.2056949 22.3829198),22.3829198,114.2056949,sport,0,,2,0
86.0,Canal Rd,POINT (114.1810693 22.2785673),22.2785673,114.1810693,city,0,,9,0
87.0,Canton Rd,POINT (114.1687897 22.3090254),22.3090254,114.1687897,city,0,,27,0
88.0,Cape D'Aguilar,POINT (114.2666667 22.2166667),22.2166667,114.2666667,natural,0,,19,0
89.0,Capital Café,POINT (114.2300047 22.2771433),22.2771433,114.2300047,dining,0,,23,0
90.0,Carbone,POINT (114.1551291 22.2804373),22.2804373,114.1551291,dining,0,,18,0
91.0,Carnarvon Plaza,POINT (114.1732428 22.2992107),22.2992107,114.1732428,shopping,0,,2,0
92.0,Carnarvon Rd,POINT (114.1735651 22.2993153),22.2993153,114.1735651,city,0,,12,0
93.0,Castle Peak,POINT (113.9535622 22.3889552),22.3889552,113.9535622,outdoor,0,,2,0
94.0,Castle of Magical Dreams,POINT (114.0410987 22.312553),22.312553,114.0410987,entertainment,0,,7,0
96.0,Causeway Bay,POINT (114.1914919 22.2859787),22.2859787,114.1914919,area,0,,913,1
97.0,Causeway Bay Centre Shopping Arcade,POINT (114.1866883 22.2800677),22.2800677,114.1866883,shopping,0,,5,0
98.0,Causeway Bay Station,POINT (114.1850421 22.2803747),22.2803747,114.1850421,transit,0,,24,0
99.0,Causeway Rd,POINT (114.1897508 22.2807093),22.2807093,114.1897508,city,0,,5,0
100.0,Celebrity Gifts,POINT (114.0371427 22.3091228),22.3091228,114.0371427,shopping,0,,1,0
101.0,Central,POINT (114.1587983 22.2799907),22.2799907,114.1587983,area,0,,1483,1
102.0,Central Building,POINT (114.1573655 22.2811499),22.2811499,114.1573655,city,0,,3,0
103.0,Central Ferry Pier,POINT (114.1613751 22.286342),22.286342,114.1613751,transit,0,,70,0
104.0,Central Market,POINT (114.1556287 22.2843902),22.2843902,114.1556287,shopping,0,,114,1
105.0,Central Rd,POINT (113.9094227 22.4118599),22.4118599,113.9094227,city,0,,1,0
106.0,Central Station,POINT (114.1576766 22.2819989),22.2819989,114.1576766,transit,0,,37,0
107.0,Central and Western District Promenade,POINT (114.1661722 22.2830932),22.2830932,114.1661722,city,0,,3,0
108.0,Central-Mid-Levels Escalators,POINT (114.1549689 22.2838464),22.2838464,114.1549689,city,0,,105,1
109.0,Centrestage,POINT (114.1510558 22.2837076),22.2837076,114.1510558,city,0,,4,0
110.0,Cha Don,POINT (114.1721378 22.3077463),22.3077463,114.1721378,dining,0,,2,0
111.0,ChaTraMue,POINT (114.1708201 22.3158374),22.3158374,114.1708201,dining,0,,4,0
112.0,Chai Wan,POINT (114.2360778 22.2678103),22.2678103,114.2360778,area,0,,21,0
113.0,Chai Wan Park,POINT (114.2384456 22.2666664),22.2666664,114.2384456,city,0,,15,0
114.0,Chai Wan Rd,POINT (114.23378 22.2698192),22.2698192,114.23378,city,0,,1,0
115.0,Chai Wan Station,POINT (114.237139 22.264625),22.264625,114.237139,transit,0,,8,0
116.0,Che Kung Temple Station,POINT (114.185953 22.37476),22.37476,114.185953,transit,0,,2,0
117.0,Check Inn HK,POINT (114.1769881 22.2782412),22.2782412,114.1769881,hotel,0,,1,0
118.0,Chek Lap Kok,POINT (113.923907 22.3083934),22.3083934,113.923907,natural,0,,8,0
119.0,Cheung Chau,POINT (114.0265007 22.2016179),22.2016179,114.0265007,natural,0,,189,1
120.0,Cheung Chau Beach Rd,POINT (114.030706 22.2092774),22.2092774,114.030706,city,0,,5,0
121.0,Cheung Chau Corner,POINT (114.0289423 22.2093396),22.2093396,114.0289423,dining,0,,1,0
122.0,Cheung Hing Coffee Shop,POINT (114.1849949 22.2693517),22.2693517,114.1849949,dining,0,,30,0
123.0,Cheung Hing Kee Shanghai Pan Fried Buns,POINT (114.1716428 22.2976589),22.2976589,114.1716428,dining,0,,125,1
124.0,Cheung Hing Restaurant,POINT (114.1698565 22.277828),22.277828,114.1698565,dining,0,,1,0
125.0,Cheung Kong Center,POINT (114.1603101 22.2794704),22.2794704,114.1603101,city,0,,12,0
126.0,Cheung Kong Park,POINT (114.1600909 22.279097),22.279097,114.1600909,city,0,,3,0
127.0,Cheung Lai St,POINT (114.1480248 22.3365966),22.3365966,114.1480248,city,0,,2,0
128.0,Chi Lin Nunnery,POINT (114.2050575 22.340498),22.340498,114.2050575,religion,0,,67,0
129.0,China Club HK,POINT (114.1601909 22.2802075),22.2802075,114.1601909,dining,0,,3,0
130.0,China Ferry Terminal,POINT (114.1648071 22.2987925),22.2987925,114.1648071,transit,0,,6,0
131.0,China Hong Kong City,POINT (114.1678015 22.3005315),22.3005315,114.1678015,shopping,0,,7,0
132.0,China Visa Application Service Center,POINT (114.1772835 22.2794349),22.2794349,114.1772835,city,0,,1,0
133.0,Ching Ching Desserts,POINT (114.1738926 22.2748136),22.2748136,114.1738926,dining,0,,1,0
135.0,Chiu Fat Porridge Noodle Restaurant,POINT (114.1714454 22.2970651),22.2970651,114.1714454,dining,0,,6,0
137.0,Choi Hung Estate,POINT (114.2056135 22.3360834),22.3360834,114.2056135,city,0,,93,0
138.0,Choi Hung Estate Rooftop Basketball Court,POINT (114.2071925 22.3345262),22.3345262,114.2071925,sport,0,,10,0
139.0,Choi Hung Station,POINT (114.210056 22.334206),22.334206,114.210056,transit,0,,8,0
140.0,ChorLand Cookfood Stall,POINT (114.1338663 22.2860832),22.2860832,114.1338663,dining,0,,1,0
141.0,Chuen Kee Seafood Restaurant,POINT (114.2724614 22.379719),22.379719,114.2724614,dining,0,,2,0
143.0,Chukfo Taipan Restaurant,POINT (114.1743343 22.2762154),22.2762154,114.1743343,dining,0,,35,0
144.0,Chung Hing St,POINT (114.0274569 22.2047639),22.2047639,114.0274569,city,0,,4,0
145.0,Chungking Mansions,POINT (114.1723905 22.2963031),22.2963031,114.1723905,city,0,,153,1
146.0,Citygate Outlets,POINT (113.9412938 22.289733),22.289733,113.9412938,shopping,0,,158,1
147.0,Cityplaza,POINT (114.217477 22.286721),22.286721,114.217477,shopping,0,,5,0
148.0,Citywalk,POINT (114.1145597 22.3679811),22.3679811,114.1145597,shopping,0,,1,0
149.0,Clear Water Bay,POINT (114.2940282 22.2851406),22.2851406,114.2940282,natural,0,,3,0
150.0,Clock Tower,POINT (114.1695528 22.2935624),22.2935624,114.1695528,cultural,0,,366,1
151.0,Cococabana,POINT (114.250984 22.229331),22.229331,114.250984,dining,0,,3,0
152.0,Coffee & Laundry,POINT (114.147068 22.2872986),22.2872986,114.147068,dining,0,,2,0
153.0,Color Space,POINT (114.1687442 22.3179137),22.3179137,114.1687442,shopping,0,,2,0
154.0,Conrad Hong Kong,POINT (114.1654058 22.2766755),22.2766755,114.1654058,hotel,0,,7,0
155.0,Cordis,POINT (114.168112 22.318175),22.318175,114.168112,hotel,0,,30,0
156.0,Craft Coffee Roaster,POINT (114.1618893 22.3192387),22.3192387,114.1618893,dining,0,,3,0
157.0,Cross Harbour Tunl,POINT (114.1819044 22.2918821),22.2918821,114.1819044,transit,0,,14,0
158.0,Cruise Restaurant & Bar,POINT (114.1990203 22.2927951),22.2927951,114.1990203,dining,0,,11,0
159.0,Crystal Lotus,POINT (114.043762 22.30792),22.30792,114.043762,dining,0,,10,0
160.0,Cupnoodles Museum,POINT (114.1677848 22.3005346),22.3005346,114.1677848,cultural,0,,56,0
161.0,Cyberport,POINT (114.1302279 22.2619981),22.2619981,114.1302279,shopping,0,,3,0
162.0,D'Aguilar St,POINT (114.1556464 22.2811911),22.2811911,114.1556464,city,0,,1,0
163.0,DON DON DONKI,POINT (114.1549433 22.2833443),22.2833443,114.1549433,shopping,0,,61,0
164.0,DON DON DONKI ,POINT (114.172355 22.3003007),22.3003007,114.172355,shopping,0,,4,0
165.0,DOZY Café,POINT (114.1630916 22.3278266),22.3278266,114.1630916,dining,0,,6,0
166.0,Danish Bakery,POINT (114.1862209 22.2777852),22.2777852,114.1862209,dining,0,,3,0
167.0,David Chan Co,POINT (114.1732086 22.3008364),22.3008364,114.1732086,shopping,0,,5,0
168.0,Davis St,POINT (114.1268132 22.2825477),22.2825477,114.1268132,city,0,,22,0
169.0,Deli-O,POINT (114.1520234 22.2878936),22.2878936,114.1520234,dining,0,,3,0
170.0,Demon Grove,POINT (114.172587 22.2330736),22.2330736,114.172587,entertainment,0,,1,0
171.0,Des Voeux Rd,POINT (114.1402116 22.2877898),22.2877898,114.1402116,city,0,,3,0
172.0,Des Voeux Rd Central,POINT (114.1563306 22.2837635),22.2837635,114.1563306,city,0,,13,0
173.0,Diamond Hill,POINT (114.2 22.35),22.35,114.2,outdoor,0,,35,0
174.0,Diamond Hill Station,POINT (114.201698 22.340017),22.340017,114.201698,transit,0,,4,0
175.0,Dim Dim Sum,POINT (114.1705308 22.3200318),22.3200318,114.1705308,dining,0,,19,0
176.0,Dim Sum Here,POINT (114.1698291 22.3037815),22.3037815,114.1698291,dining,0,,16,0
177.0,Dim Sum Library,POINT (114.1653074 22.2768712),22.2768712,114.1653074,dining,0,,1,0
178.0,Dim Sum Square,POINT (114.1512932 22.2848766),22.2848766,114.1512932,dining,0,,3,0
179.0,Disney Explorers Lodge,POINT (114.0386053 22.3081634),22.3081634,114.0386053,hotel,0,,123,1
180.0,Disney's Hollywood Hotel,POINT (114.0440642 22.3081194),22.3081194,114.0440642,hotel,0,,1177,1
181.0,Dolphin Explorations,POINT (114.1708073 22.233415),22.233415,114.1708073,entertainment,0,,1,0
182.0,Dorsett Wanchai,POINT (114.178936 22.274559),22.274559,114.178936,hotel,0,,4,0
183.0,Dr Sun Yat-sen Museum,POINT (114.1508983 22.2820287),22.2820287,114.1508983,cultural,0,,12,0
184.0,Dragon Boat Restaurant,POINT (114.2729645 22.3806591),22.3806591,114.2729645,dining,0,,2,0
185.0,Dragon Centre,POINT (114.1598202 22.3310175),22.3310175,114.1598202,shopping,0,,10,0
186.0,Dragon City Café,POINT (114.1697516 22.3195969),22.3195969,114.1697516,dining,0,,4,0
187.0,Dragon State Kitchen Restaurant,POINT (114.1516 22.2857301),22.2857301,114.1516,dining,0,,2,0
188.0,Dragon Wind,POINT (114.038465 22.30769),22.30769,114.038465,dining,0,,14,0
189.0,Dragon's Back,POINT (114.2432252 22.2369295),22.2369295,114.2432252,outdoor,0,,115,1
190.0,Dragonfly,POINT (114.1541828 22.2810867),22.2810867,114.1541828,dining,0,,4,0
191.0,Dragonking Dim Sum,POINT (114.1771674 22.2782978),22.2782978,114.1771674,dining,0,,9,0
192.0,Duddell's,POINT (114.1572301 22.280245),22.280245,114.1572301,dining,0,,10,0
193.0,Dynasty,POINT (114.1735622 22.281514),22.281514,114.1735622,dining,0,,2,0
194.0,E Point Rd,POINT (114.1847822 22.2804865),22.2804865,114.1847822,city,0,,3,0
195.0,EAST Hong Kong,POINT (114.2360778 22.2733889),22.2733889,114.2360778,hotel,0,,1,0
196.0,EPARK COFFEE,POINT (114.1672809 22.3235405),22.3235405,114.1672809,dining,0,,2,0
197.0,East Coast Park Precinct,POINT (114.1895168 22.2881124),22.2881124,114.1895168,city,0,,17,0
198.0,East Tsim Sha Tsui,POINT (114.174586 22.295263),22.295263,114.174586,transit,0,,45,0
199.0,Eaton HK,POINT (114.1717101 22.3080409),22.3080409,114.1717101,hotel,0,,32,0
200.0,Electric Rd,POINT (114.1919868 22.287465),22.287465,114.1919868,city,0,,2,0
201.0,Elegant Tang Dynasty,POINT (114.149742 22.271213),22.271213,114.149742,shopping,0,,1,0
202.0,Elephant Grounds,POINT (114.174534 22.29414),22.29414,114.174534,dining,0,,13,0
203.0,Enchanted Garden Restaurant,POINT (114.044269 22.308028),22.308028,114.044269,dining,0,,8,0
204.0,Entertainment Building,POINT (114.1564406 22.2814411),22.2814411,114.1564406,shopping,0,,11,0
205.0,Exchange Square,POINT (114.1579096 22.2842031),22.2842031,114.1579096,city,0,,4,0
206.0,Explorer's Club Restaurant,POINT (114.0404644 22.3100051),22.3100051,114.0404644,dining,0,,9,0
207.0,Eyebar,POINT (114.1718269 22.2971751),22.2971751,114.1718269,dining,0,,5,0
208.0,FINEPRINT,POINT (114.1527794 22.2826808),22.2826808,114.1527794,dining,0,,8,0
209.0,Fa Yuen St,POINT (114.1708026 22.3210526),22.3210526,114.1708026,city,0,,13,0
210.0,Fa Yuen Street Market,POINT (114.1707177 22.3217369),22.3217369,114.1707177,shopping,0,,8,0
211.0,Fantasyland,POINT (114.0403712 22.3126793),22.3126793,114.0403712,entertainment,0,,17,0
212.0,Fantasyland Station,POINT (114.0397224 22.3124104),22.3124104,114.0397224,transit,0,,1,0
213.0,Fashion Walk,POINT (114.1852378 22.280815),22.280815,114.1852378,shopping,0,,15,0
214.0,Fat Boy Shop,POINT (114.1740092 22.2994169),22.2994169,114.1740092,dining,0,,10,0
215.0,Felix,POINT (114.171875 22.2952306),22.2952306,114.171875,dining,0,,3,0
216.0,Flat Iron Steak,POINT (114.1506157 22.2846688),22.2846688,114.1506157,dining,0,,1,0
217.0,Fleming Rd,POINT (114.1745837 22.2794642),22.2794642,114.1745837,city,0,,2,0
218.0,Fo Tan,POINT (114.1929428 22.3985709),22.3985709,114.1929428,area,0,,7,0
219.0,Fook Moon Lam Restaurant,POINT (113.8619618 22.2545348),22.2545348,113.8619618,dining,0,,1,0
221.0,Fook Yuen,POINT (114.1937731 22.2890364),22.2890364,114.1937731,dining,0,,16,0
222.0,For Kee Restaurant,POINT (114.1478788 22.2851885),22.2851885,114.1478788,dining,0,,3,0
223.0,Forbidden Duck,POINT (114.1817617 22.2782295),22.2782295,114.1817617,dining,0,,3,0
224.0,Fortnum & Mason,POINT (114.1757816 22.2943849),22.2943849,114.1757816,dining,0,,21,0
225.0,Fortress Hill,POINT (114.194839 22.2879159),22.2879159,114.194839,area,0,,30,0
226.0,Fortune Foot Massage,POINT (114.153175 22.2807004),22.2807004,114.153175,entertainment,0,,2,0
227.0,Fringe Club,POINT (114.1557172 22.2802398),22.2802398,114.1557172,cultural,0,,6,0
228.0,Frozen Ever After,POINT (114.0388584 22.3120797),22.3120797,114.0388584,entertainment,0,,153,1
229.0,Frozen Village,POINT (114.0432395 22.3110614),22.3110614,114.0432395,entertainment,0,,8,0
230.0,Fu Shan Viewing Point,POINT (113.8578233 22.2596763),22.2596763,113.8578233,outdoor,0,,1,0
231.0,Fu Wah Café,POINT (114.1699541 22.3138241),22.3138241,114.1699541,dining,0,,19,0
232.0,Fuk Wa Camera,POINT (114.1632065 22.3308456),22.3308456,114.1632065,shopping,0,,5,0
233.0,Fuk Wing St,POINT (114.1596135 22.3343982),22.3343982,114.1596135,city,0,,2,0
234.0,GARDENEast,POINT (114.172693 22.274771),22.274771,114.172693,hotel,0,,1,0
235.0,GENERAL PURPOSE HK,POINT (114.1851092 22.2821475),22.2821475,114.1851092,shopping,0,,6,0
236.0,Gage St,POINT (114.1533568 22.2833501),22.2833501,114.1533568,city,0,,6,0
237.0,Garden Rd,POINT (114.1583259 22.2776181),22.2776181,114.1583259,city,0,,6,0
238.0,Gen Ji Street Restaurant,POINT (114.1628214 22.3273255),22.3273255,114.1628214,dining,0,,1,0
239.0,Giant Panda Adventure,POINT (114.1766509 22.2455794),22.2455794,114.1766509,entertainment,0,,7,0
240.0,Ginza Square,POINT (114.170164 22.3146331),22.3146331,114.170164,city,0,,3,0
242.0,Gold Garden Restaurant,POINT (114.156725 22.338358),22.338358,114.156725,dining,0,,3,0
243.0,Golden Bauhinia Square,POINT (114.1739009 22.284425),22.284425,114.1739009,city,0,,73,0
244.0,Golden Beach,POINT (113.9880307 22.372233),22.372233,113.9880307,natural,0,,3,0
245.0,Golden Crocus Inn,POINT (114.0391521 22.3122329),22.3122329,114.0391521,dining,0,,34,0
246.0,Goldfish Street,POINT (114.1698464 22.3229673),22.3229673,114.1698464,shopping,0,,3,0
247.0,Graham St,POINT (114.1535824 22.283043),22.283043,114.1535824,city,0,,16,0
248.0,Grand Fortune Mansion,POINT (114.1267959 22.2835844),22.2835844,114.1267959,city,0,,1,0
249.0,Grand Hyatt,POINT (114.1721379 22.2814073),22.2814073,114.1721379,hotel,0,,14,0
250.0,Grand Plaza,POINT (114.169364 22.3181205),22.3181205,114.169364,shopping,0,,21,0
251.0,Granville Rd,POINT (114.1749756 22.3002167),22.3002167,114.1749756,city,0,,11,0
252.0,Gresson St,POINT (114.1698546 22.2764167),22.2764167,114.1698546,city,0,,1,0
253.0,Grizzly Gulch,POINT (114.0420894 22.3101633),22.3101633,114.0420894,entertainment,0,,39,0
254.0,Gwing Kee Roasted,POINT (114.1714547 22.2972036),22.2972036,114.1714547,dining,0,,3,0
255.0,HAIKA Coffee,POINT (114.0285086 22.209694),22.209694,114.0285086,dining,0,,2,0
256.0,HKU Station,POINT (114.1368637 22.2856322),22.2856322,114.1368637,transit,0,,3,0
257.0,HKUGA Primary School,POINT (114.2396209 22.2656129),22.2656129,114.2396209,school,0,,2,0
258.0,HSBC Building,POINT (114.1593865 22.2802222),22.2802222,114.1593865,city,0,,11,0
259.0,HZMB Hong Kong Port,POINT (113.95105 22.31614),22.31614,113.95105,transit,0,,2,0
260.0,Haiphong Rd,POINT (114.1704789 22.2980568),22.2980568,114.1704789,city,0,,18,0
261.0,Haiphong Road Temporary Market,POINT (114.170111 22.2979078),22.2979078,114.170111,shopping,0,,4,0
262.0,Hak Dei,POINT (114.1681713 22.3196117),22.3196117,114.1681713,shopping,0,,1,0
263.0,Halfway Coffee,POINT (114.1497161 22.2847563),22.2847563,114.1497161,dining,0,,102,1
267.0,Hankow Rd,POINT (114.171143 22.2964221),22.2964221,114.171143,city,0,,16,0
268.0,Hanoi Rd,POINT (114.1733357 22.2972778),22.2972778,114.1733357,city,0,,23,0
269.0,Hao Tang Hao Mian,POINT (114.1774634 22.3762181),22.3762181,114.1774634,dining,0,,2,0
270.0,Happy Valley Racecourse,POINT (114.1806169 22.2718214),22.2718214,114.1806169,entertainment,0,,84,0
271.0,Harbour City,POINT (114.1688303 22.2953381),22.2953381,114.1688303,shopping,0,,127,1
272.0,Harbour Grand,POINT (114.1923311 22.302697),22.302697,114.1923311,hotel,0,,42,0
273.0,Harbour Inn Cuisine,POINT (114.1718661 22.2968227),22.2968227,114.1718661,dining,0,,3,0
274.0,Harbour Kitchen,POINT (114.1729032 22.2810541),22.2810541,114.1729032,dining,0,,3,0
275.0,Harbour North,POINT (114.2009297 22.2928256),22.2928256,114.2009297,shopping,0,,3,0
276.0,Harbour Plaza 8 Degrees,POINT (114.1906691 22.3229344),22.3229344,114.1906691,hotel,0,,4,0
277.0,Harbour Plaza Resort City,POINT (114.0043749 22.4575256),22.4575256,114.0043749,hotel,0,,2,0
278.0,Hashtag B,POINT (114.1838448 22.2783292),22.2783292,114.1838448,dining,0,,144,1
279.0,Hau Fook St,POINT (114.1736496 22.2994345),22.2994345,114.1736496,city,0,,13,0
280.0,Hau Wo St,POINT (114.1269576 22.2826726),22.2826726,114.1269576,city,0,,3,0
281.0,Hay Wong Dim Sum,POINT (114.170184 22.314126),22.314126,114.170184,dining,0,,3,0
282.0,Hazukido,POINT (114.176772 22.276778),22.276778,114.176772,dining,0,,2,0
283.0,HeSheEat,POINT (114.1713301 22.3192714),22.3192714,114.1713301,dining,0,,12,0
284.0,Hennessy Rd,POINT (114.1766036 22.278023),22.278023,114.1766036,city,0,,19,0
285.0,High Junk Peak,POINT (114.2833333 22.3),22.3,114.2833333,outdoor,0,,3,0
286.0,Hing Kee Restaurant,POINT (114.170107 22.31136),22.31136,114.170107,dining,0,,52,0
287.0,Ho Hung Kee,POINT (114.1837883 22.2798079),22.2798079,114.1837883,dining,0,,7,0
288.0,Ho Lee Fook,POINT (114.1524584 22.2830158),22.2830158,114.1524584,dining,0,,34,0
289.0,Hoi Ping Rd,POINT (114.1851576 22.2775808),22.2775808,114.1851576,city,0,,5,0
290.0,Hollywood Plaza,POINT (114.1702239 22.3168206),22.3168206,114.1702239,shopping,0,,6,0
291.0,Hollywood Rd,POINT (114.1505559 22.2839821),22.2839821,114.1505559,city,0,,112,1
292.0,Hon Wo Korean Restaurant,POINT (114.182785 22.2801666),22.2801666,114.182785,dining,0,,4,0
293.0,Hong Kong Convention and Exhibition Centre,POINT (114.1731385 22.2833754),22.2833754,114.1731385,city,0,,343,1
294.0,Hong Kong Correctional Services Museum,POINT (114.2179898 22.2162901),22.2162901,114.2179898,cultural,0,,26,0
295.0,Hong Kong Cultural Centre,POINT (114.1703232 22.2938496),22.2938496,114.1703232,cultural,0,,662,1
296.0,Hong Kong Disneyland,POINT (114.0412819 22.3129666),22.3129666,114.0412819,entertainment,0,,98238,1
297.0,Hong Kong Fisherman's Wharf,POINT (114.1910993 22.3088208),22.3088208,114.1910993,transit,0,,70,0
298.0,Hong Kong Heritage Discovery Centre,POINT (114.1698495 22.2993211),22.2993211,114.1698495,cultural,0,,7,0
299.0,Hong Kong Heritage Museum,POINT (114.1856267 22.3766464),22.3766464,114.1856267,cultural,0,,9,0
300.0,Hong Kong International Airport,POINT (113.9137283 22.3134736),22.3134736,113.9137283,transit,0,,9083,1
301.0,Hong Kong Island,POINT (114.1910696 22.2587586),22.2587586,114.1910696,natural,0,,284,1
302.0,Hong Kong Jockey Club Sichuan Treasures,POINT (114.1754355 22.245378),22.245378,114.1754355,entertainment,0,,7,0
303.0,Hong Kong Macau Ferry Terminal,POINT (114.1523423 22.2896835),22.2896835,114.1523423,transit,0,,68,0
304.0,Hong Kong Museum of Art,POINT (114.1721149 22.2935153),22.2935153,114.1721149,cultural,0,,378,1
305.0,Hong Kong Museum of History,POINT (114.1772612 22.3018851),22.3018851,114.1772612,cultural,0,,42,0
306.0,Hong Kong Museum of Medical Sciences,POINT (114.1486498 22.2834842),22.2834842,114.1486498,cultural,0,,3,0
307.0,Hong Kong Observation Wheel,POINT (114.1615851 22.2853075),22.2853075,114.1615851,entertainment,0,,942,1
308.0,Hong Kong Ocean Park Marriott Hotel,POINT (114.1757983 22.2476235),22.2476235,114.1757983,hotel,0,,19,0
309.0,Hong Kong Palace Museum,POINT (114.1552727 22.3016783),22.3016783,114.1552727,cultural,0,,78,0
310.0,Hong Kong Park,POINT (114.1608187 22.2769477),22.2769477,114.1608187,city,0,,342,1
311.0,Hong Kong Railway Museum,POINT (114.1643409 22.4475932),22.4475932,114.1643409,cultural,0,,17,0
312.0,Hong Kong Science Museum,POINT (114.177655 22.3010111),22.3010111,114.177655,cultural,0,,218,1
313.0,Hong Kong Scout Centre,POINT (114.1695098 22.3028354),22.3028354,114.1695098,city,0,,5,0
314.0,Hong Kong Seamen's Union,POINT (114.169113 22.305766),22.305766,114.169113,city,0,,5,0
315.0,Hong Kong Space Museum,POINT (114.171901 22.294288),22.294288,114.171901,cultural,0,,48,0
316.0,Hong Kong Stadium,POINT (114.1886088 22.2728794),22.2728794,114.1886088,sport,0,,92,0
317.0,Hong Kong Station,POINT (114.158177 22.284681),22.284681,114.158177,transit,0,,53,0
318.0,Hong Kong Tennis Centre,POINT (114.192494 22.259838),22.259838,114.192494,sport,0,,2,0
319.0,Hong Kong Traditional Food,POINT (114.1715206 22.2965683),22.2965683,114.1715206,dining,0,,10,0
320.0,Hong Kong Trail,POINT (113.951154 22.293224),22.293224,113.951154,outdoor,0,,14,0
321.0,Hong Kong Visual Arts Centre,POINT (114.1593789 22.2767383),22.2767383,114.1593789,cultural,0,,1,0
322.0,Hong Kong Water Taxi,POINT (114.1765107 22.2956966),22.2956966,114.1765107,transit,0,,4,0
323.0,Hong Kong Zoological and Botanical Gardens,POINT (114.156037 22.2767651),22.2767651,114.156037,city,0,,166,1
324.0,Hong Kong-Zhuhai-Macao Bridge,POINT (113.9473807 22.3146569),22.3146569,113.9473807,city,0,,454,1
325.0,Honolulu Café,POINT (114.1550298 22.2831276),22.2831276,114.1550298,dining,0,,6,0
326.0,Honolulu Coffee Shop,POINT (114.1739502 22.2775264),22.2775264,114.1739502,dining,0,,1,0
327.0,Hop Fat Café,POINT (114.167525 22.316858),22.316858,114.167525,dining,0,,3,0
328.0,Hop Yik Tai,POINT (114.1612409 22.3304721),22.3304721,114.1612409,dining,0,,7,0
329.0,Hopewell Centre,POINT (114.1717253 22.2746386),22.2746386,114.1717253,city,0,,19,0
330.0,Hotel Hart,POINT (114.1746487 22.2979207),22.2979207,114.1746487,hotel,0,,6,0
331.0,Hotel ICON,POINT (114.1796973 22.3007586),22.3007586,114.1796973,hotel,0,,12,0
332.0,Hotel Pravo,POINT (114.1707107 22.2965205),22.2965205,114.1707107,hotel,0,,10,0
333.0,Hung Hom,POINT (114.1887233 22.3055658),22.3055658,114.1887233,area,0,,11,0
334.0,Hung Hom Kwun Yum Temple,POINT (114.1857452 22.3079801),22.3079801,114.1857452,religion,0,,92,0
335.0,Hung Hom Pancake,POINT (114.1863838 22.3065617),22.3065617,114.1863838,dining,0,,3,0
336.0,Hung Hom Station,POINT (114.1821 22.30289),22.30289,114.1821,transit,0,,31,0
337.0,Hung Kee Seafood Restaurant,POINT (114.27355 22.381066),22.381066,114.27355,dining,0,,2,0
338.0,Hutong,POINT (114.1733149 22.2954247),22.2954247,114.1733149,dining,0,,19,0
339.0,Hyatt Centric,POINT (114.1989849 22.292768),22.292768,114.1989849,hotel,0,,51,0
340.0,Hyatt Regency,POINT (114.1740116 22.2974584),22.2974584,114.1740116,hotel,0,,4,0
341.0,Hyatt Regency (Sha Tin),POINT (114.2112544 22.4117423),22.4117423,114.2112544,hotel,0,,1,0
342.0,Hyperspace Mountain,POINT (114.0413133 22.3139916),22.3139916,114.0413133,entertainment,0,,53,0
343.0,Hysan Place,POINT (114.1839629 22.2795933),22.2795933,114.1839629,shopping,0,,26,0
344.0,ICHIRAN,POINT (114.1813642 22.2804835),22.2804835,114.1813642,dining,0,,61,0
345.0,Imperial Hotel,POINT (114.1725361 22.2962225),22.2962225,114.1725361,hotel,0,,5,0
346.0,Indigo Coffee,POINT (114.1488479 22.2843742),22.2843742,114.1488479,dining,0,,3,0
347.0,Ink & Plate,POINT (114.0370912 22.3091662),22.3091662,114.0370912,dining,0,,10,0
348.0,International Plaza,POINT (114.2106869 22.3215895),22.3215895,114.2106869,city,0,,7,0
349.0,Island Workbench,POINT (114.0288459 22.2109003),22.2109003,114.0288459,shopping,0,,1,0
350.0,JC Contemporary,POINT (114.1542577 22.2806884),22.2806884,114.1542577,cultural,0,,1,0
351.0,JOYCE Boutique,POINT (114.1651049 22.2776345),22.2776345,114.1651049,shopping,0,,3,0
352.0,JPS Gallery,POINT (114.1512292 22.283304),22.283304,114.1512292,cultural,0,,2,0
353.0,Jardine's Lookout,POINT (114.1959536 22.2671646),22.2671646,114.1959536,outdoor,0,,11,0
354.0,Jasmine,POINT (114.1865722 22.280413),22.280413,114.1865722,dining,0,,2,0
355.0,Java Rd,POINT (114.2014244 22.2925605),22.2925605,114.2014244,city,0,,3,0
356.0,Jenny Bakery,POINT (114.1726391 22.2972567),22.2972567,114.1726391,dining,0,,73,0
357.0,Johnston Rd,POINT (114.1732088 22.2766154),22.2766154,114.1732088,city,0,,11,0
358.0,Jordan,POINT (114.1715157 22.3059608),22.3059608,114.1715157,area,0,,95,0
359.0,Jordan Station,POINT (114.17166 22.30479),22.30479,114.17166,transit,0,,27,0
360.0,Joy Hing Roasted Meat,POINT (114.1767069 22.2781295),22.2781295,114.1767069,dining,0,,6,0
361.0,Jumbo kingdom,POINT (114.161657 22.2439486),22.2439486,114.161657,dining,0,,3,0
362.0,Jungle River Cruise,POINT (114.0411983 22.3112652),22.3112652,114.0411983,entertainment,0,,7,0
363.0,K11 ARTMALL,POINT (114.1736355 22.297525),22.297525,114.1736355,shopping,0,,187,1
364.0,K11 MUSEA,POINT (114.1739272 22.2941573),22.2941573,114.1739272,shopping,0,,576,1
365.0,Kaffeine,POINT (114.1505434 22.2853119),22.2853119,114.1505434,dining,0,,1,0
366.0,Kai Kai Dessert,POINT (114.1710799 22.3065554),22.3065554,114.1710799,dining,0,,86,0
367.0,Kai Kee Noodle Restaurant,POINT (114.1509262 22.2850691),22.2850691,114.1509262,dining,0,,1,0
368.0,Kai Tak Commercial Building,POINT (114.1506912 22.2872043),22.2872043,114.1506912,city,0,,3,0
369.0,Kai Tak Cruise Terminal Park,POINT (114.213416 22.306185),22.306185,114.213416,city,0,,2,0
370.0,Kam Chung Commercial Building,POINT (114.1697864 22.2779468),22.2779468,114.1697864,city,0,,1,0
371.0,Kam Fung Restaurant,POINT (114.1725736 22.275502),22.275502,114.1725736,dining,0,,2,0
372.0,Kam Ming Noodles,POINT (114.1653258 22.3306041),22.3306041,114.1653258,dining,0,,10,0
373.0,Kam Tin,POINT (114.076188 22.4403712),22.4403712,114.076188,area,0,,1,0
374.0,Kam Wah Cafe & Cake Shop,POINT (114.1697189 22.3222738),22.3222738,114.1697189,dining,0,,67,0
375.0,Kam Wah Cake Shop,POINT (114.222017 22.2824969),22.2824969,114.222017,dining,0,,2,0
376.0,Kam Yuck Building,POINT (114.1669263 22.3346493),22.3346493,114.1669263,city,0,,3,0
377.0,Kam's Roast Goose,POINT (114.175305 22.277642),22.277642,114.175305,dining,0,,45,0
378.0,Kamcentre Roast Goose,POINT (114.1865005 22.2754541),22.2754541,114.1865005,dining,0,,1,0
379.0,Kamikaze Cave,POINT (114.1275299 22.2042466),22.2042466,114.1275299,natural,0,,1,0
380.0,Kapok,POINT (114.168738 22.27638),22.27638,114.168738,shopping,0,,4,0
381.0,Kat Hing St,POINT (113.862949 22.254712),22.254712,113.862949,city,0,,1,0
382.0,Kau Kee,POINT (114.1525076 22.2842413),22.2842413,114.1525076,dining,0,,19,0
384.0,Keming Bing Sat,POINT (114.1749151 22.2985285),22.2985285,114.1749151,dining,0,,1,0
385.0,Kennedy Rd,POINT (114.1660081 22.2753161),22.2753161,114.1660081,city,0,,13,0
386.0,Kennedy Town,POINT (114.1292619 22.2822235),22.2822235,114.1292619,area,0,,375,1
387.0,Kennedy Town Station,POINT (114.1288825 22.2812467),22.2812467,114.1288825,transit,0,,29,0
388.0,Keung Kee Roasted Meat Restaurant,POINT (114.179954 22.2782514),22.2782514,114.179954,dining,0,,1,0
389.0,Ki Lung St,POINT (114.1641394 22.3271903),22.3271903,114.1641394,city,0,,3,0
390.0,Ki'son Roasted Goose,POINT (114.1703754 22.3211982),22.3211982,114.1703754,dining,0,,9,0
392.0,King Bakery,POINT (113.9305332 22.3138833),22.3138833,113.9305332,dining,0,,6,0
393.0,King Sing St,POINT (114.1740556 22.2740349),22.2740349,114.1740556,city,0,,1,0
394.0,King Tak Hong Porcelain Company Limited,POINT (114.1704596 22.2760055),22.2760055,114.1704596,shopping,0,,4,0
395.0,King of Coconut,POINT (114.1711617 22.3156166),22.3156166,114.1711617,dining,0,,2,0
396.0,King's Café,POINT (114.184909 22.2795396),22.2795396,114.184909,dining,0,,5,0
397.0,King's Rd,POINT (114.2098716 22.2883531),22.2883531,114.2098716,city,0,,10,0
398.0,Kings Hotel,POINT (114.1705008 22.3104431),22.3104431,114.1705008,hotel,0,,4,0
399.0,Kinsman,POINT (114.1521552 22.282368),22.282368,114.1521552,dining,0,,14,0
400.0,Knockbox Coffee Company,POINT (114.1725583 22.3176204),22.3176204,114.1725583,dining,0,,6,0
401.0,Kokoro Tokyo Mazesoba,POINT (114.171176 22.2773666),22.2773666,114.171176,dining,0,,2,0
402.0,Koon Wah Building,POINT (114.2056606 22.3829558),22.3829558,114.2056606,city,0,,2,0
403.0,Korean Inn Restaurant,POINT (114.1956905 22.2916578),22.2916578,114.1956905,dining,0,,2,0
404.0,Kowloon,POINT (114.1796057 22.3185673),22.3185673,114.1796057,area,0,,289,1
406.0,Kowloon City,POINT (114.1920172 22.3306602),22.3306602,114.1920172,area,0,,26,0
407.0,Kowloon Mosque And Islamic Centre,POINT (114.1717195 22.2987084),22.2987084,114.1717195,city,0,,31,0
408.0,Kowloon Park,POINT (114.1707929 22.3003928),22.3003928,114.1707929,city,0,,71,0
409.0,Kowloon Park Dr,POINT (114.1698733 22.2973191),22.2973191,114.1698733,city,0,,7,0
410.0,Kowloon Public Pier,POINT (114.1696429 22.2930474),22.2930474,114.1696429,transit,0,,15,0
411.0,Kowloon Station,POINT (114.161475 22.304306),22.304306,114.161475,transit,0,,14,0
412.0,Kowloon Taproom,POINT (114.1706266 22.2966598),22.2966598,114.1706266,dining,0,,5,0
413.0,Kowloon Tin Hau Temple,POINT (114.1598666 22.3285249),22.3285249,114.1598666,religion,0,,296,1
414.0,Kowloon Walled City Park,POINT (114.1903285 22.3321296),22.3321296,114.1903285,city,0,,19,0
415.0,Kozi Island Café,POINT (114.0302975 22.2087894),22.2087894,114.0302975,dining,0,,1,0
416.0,Kung Fu Tea,POINT (114.1465851 22.3379006),22.3379006,114.1465851,dining,0,,9,0
417.0,Kung Lee Sugar Cane Drink,POINT (114.1527487 22.2828502),22.2828502,114.1527487,dining,0,,2,0
418.0,Kung Wo Beancurd Factory,POINT (114.1635907 22.3310951),22.3310951,114.1635907,dining,0,,7,0
419.0,Kwai Fong,POINT (114.1298151 22.3578109),22.3578109,114.1298151,area,0,,14,0
420.0,Kwai Heung St,POINT (114.1429885 22.2874132),22.2874132,114.1429885,city,0,,1,0
421.0,Kwai Hing Station,POINT (114.131255 22.363471),22.363471,114.131255,transit,0,,1,0
422.0,Kwai Tsing District,POINT (114.1260991 22.3549077),22.3549077,114.1260991,area,0,,3,0
423.0,Kwan Kee Claypot Rice,POINT (114.1430347 22.2870412),22.2870412,114.1430347,dining,0,,35,0
424.0,Kwan Kee Store,POINT (114.1632036 22.3307204),22.3307204,114.1632036,shopping,0,,3,0
425.0,Kwan Yu Roasted Meat,POINT (114.1917762 22.2849371),22.2849371,114.1917762,dining,0,,6,0
426.0,Kwun Tong,POINT (114.2227035 22.3103686),22.3103686,114.2227035,area,0,,24,0
427.0,Kwun Tong Promenade,POINT (114.2169821 22.3124127),22.3124127,114.2169821,city,0,,3,0
428.0,Kwun Tong Public Pier,POINT (114.2203994 22.3087797),22.3087797,114.2203994,transit,0,,2,0
429.0,Kwun Tong Station,POINT (114.226465 22.3121714),22.3121714,114.226465,transit,0,,2,0
430.0,Kwun Yum Temple,POINT (113.8838019 22.2413178),22.2413178,113.8838019,religion,0,,7,0
432.0,LAB ZERÕ,POINT (114.1753262 22.3015016),22.3015016,114.1753262,dining,0,,8,0
433.0,LEGOLAND Discovery Centre,POINT (114.1729583 22.2942962),22.2942962,114.1729583,entertainment,0,,100,1
434.0,LOUIS VUITTON,POINT (114.1690661 22.2962782),22.2962782,114.1690661,shopping,0,,56,0
435.0,Ladies Street Sik Faan Co.,POINT (114.1710135 22.3163037),22.3163037,114.1710135,dining,0,,26,0
436.0,Ladies' Market,POINT (114.1701978 22.3210731),22.3210731,114.1701978,shopping,0,,130,1
437.0,Lady BoBo,POINT (114.1831122 22.2796285),22.2796285,114.1831122,dining,0,,3,0
438.0,Lai Chi Kok,POINT (114.1359272 22.3377817),22.3377817,114.1359272,area,0,,20,0
439.0,Lai Chi Kok Station,POINT (114.14803 22.33726),22.33726,114.14803,transit,0,,10,0
440.0,Lai Chi Wo,POINT (114.2602248 22.5264988),22.5264988,114.2602248,cultural,0,,6,0
441.0,Lai King,POINT (114.1279688 22.3472644),22.3472644,114.1279688,area,0,,65,0
442.0,Lai King Station,POINT (114.126161 22.348416),22.348416,114.126161,transit,0,,7,0
443.0,Lam Heung Ling Lemon Tea,POINT (114.1707116 22.3168527),22.3168527,114.1707116,dining,0,,3,0
444.0,Lamma Island,POINT (114.1350173 22.2000056),22.2000056,114.1350173,natural,0,,178,1
445.0,Lamma Wind Power Station,POINT (114.1208156 22.2255884),22.2255884,114.1208156,city,0,,1,0
446.0,Lan Fong Yuen,POINT (114.1537154 22.2827177),22.2827177,114.1537154,dining,0,,224,1
447.0,Lan Heung Restaurant,POINT (114.1163057 22.368831),22.368831,114.1163057,dining,0,,5,0
448.0,Lan Kwai Fong,POINT (114.1556541 22.2809846),22.2809846,114.1556541,cultural,0,,172,1
449.0,Langham Place,POINT (114.1686743 22.3182116),22.3182116,114.1686743,shopping,0,,44,0
450.0,Lantau Country Park,POINT (113.927879 22.26368),22.26368,113.927879,natural,0,,1,0
451.0,Lantau Island,POINT (113.941751 22.2664984),22.2664984,113.941751,natural,0,,3841,1
452.0,Lantau Peak,POINT (113.9175335 22.2449387),22.2449387,113.9175335,outdoor,0,,55,0
453.0,Lau Hing Kee,POINT (114.1711064 22.3159403),22.3159403,114.1711064,dining,0,,2,0
454.0,Lau Sum Kee Noodle,POINT (114.1630699 22.3322331),22.3322331,114.1630699,dining,0,,3,0
455.0,Law Fu Kee,POINT (114.1535336 22.2824818),22.2824818,114.1535336,dining,0,,3,0
456.0,Law Mark Kee,POINT (114.1626216 22.3173476),22.3173476,114.1626216,dining,0,,2,0
458.0,Lee Garden,POINT (114.1852925 22.2790783),22.2790783,114.1852925,shopping,0,,44,0
459.0,Lee Tung Avenue,POINT (114.1723395 22.275594),22.275594,114.1723395,shopping,0,,38,0
460.0,Lei Yue Mun,POINT (114.237563701171 22.2847187849031),22.28471878,114.2375637,area,0,,47,0
461.0,Les Halles,POINT (114.1722114 22.2755239),22.2755239,114.1722114,shopping,0,,1,0
462.0,Leung So Kee Umbrella,POINT (114.1717097 22.3004025),22.3004025,114.1717097,shopping,0,,3,0
463.0,Lin Heung Kui,POINT (114.1468927 22.2875238),22.2875238,114.1468927,dining,0,,17,0
464.0,Lin Heung Lau,POINT (114.1534466 22.2842663),22.2842663,114.1534466,dining,0,,58,0
465.0,Lion Rock,POINT (114.1870366 22.3522705),22.3522705,114.1870366,outdoor,0,,17,0
466.0,Lion Rock Head,POINT (114.1851387 22.3523236),22.3523236,114.1851387,outdoor,0,,3,0
467.0,Lippo Centre,POINT (114.16335 22.279536),22.279536,114.16335,city,0,,15,0
468.0,Little Bao,POINT (114.1522525 22.2840586),22.2840586,114.1522525,dining,0,,11,0
469.0,Little Cove Espresso,POINT (114.1284992 22.283888),22.283888,114.1284992,dining,0,,4,0
470.0,Living PLAZA,POINT (113.9400317 22.2888115),22.2888115,113.9400317,shopping,0,,1,0
471.0,Lo Pan Temple,POINT (114.1319424 22.283062),22.283062,114.1319424,religion,0,,52,0
472.0,Lo Wu,POINT (114.1149511 22.5276195),22.5276195,114.1149511,area,0,,16,0
473.0,LockCha,POINT (114.1626837 22.2778855),22.2778855,114.1626837,dining,0,,5,0
474.0,Lockhart Rd,POINT (114.1766088 22.2785952),22.2785952,114.1766088,city,0,,7,0
475.0,Log Ye Dim Sum,POINT (114.170988 22.296853),22.296853,114.170988,dining,0,,10,0
476.0,Long Ping Station,POINT (114.0253392 22.4477597),22.4477597,114.0253392,transit,0,,1,0
477.0,Lord Stow's Bakery,POINT (114.1594455 22.2818841),22.2818841,114.1594455,dining,0,,5,0
478.0,Lucky Star Coffee Shop,POINT (114.1837295 22.2790021),22.2790021,114.1837295,dining,0,,5,0
479.0,Luen Fat Restaurant,POINT (114.188802 22.3280666),22.3280666,114.188802,dining,0,,7,0
480.0,Luen Tai Building,POINT (114.1751238 22.2766143),22.2766143,114.1751238,city,0,,1,0
481.0,Lugard Rd,POINT (114.1541825 22.2824386),22.2824386,114.1541825,city,0,,19,0
482.0,Lugard Road Lookout,POINT (114.1467785 22.2781446),22.2781446,114.1467785,outdoor,0,,6,0
483.0,Lung Dim Sum,POINT (114.2228428 22.313354),22.313354,114.2228428,dining,0,,13,0
484.0,Lung Fung Mall,POINT (114.170904 22.3185118),22.3185118,114.170904,shopping,0,,53,0
485.0,M+,POINT (114.159495 22.3005044),22.3005044,114.159495,cultural,0,,197,1
486.0,M1 Hotel,POINT (114.1703052 22.3124806),22.3124806,114.1703052,hotel,0,,1,0
487.0,MASHI NO MASHI,POINT (114.1797746 22.2769587),22.2769587,114.1797746,dining,0,,5,0
488.0,MCL Cinema,POINT (114.1312444 22.3571605),22.3571605,114.1312444,cultural,0,,2,0
489.0,MOKO,POINT (114.1723194 22.3231937),22.3231937,114.1723194,shopping,0,,6,0
490.0,MOMA,POINT (114.1742746 22.2935388),22.2935388,114.1742746,dining,0,,25,0
491.0,MTR e-Store,POINT (114.1650843 22.304102),22.304102,114.1650843,shopping,0,,2,0
492.0,MacLehose Trail,POINT (114.3495823 22.3627452),22.3627452,114.3495823,outdoor,0,,8,0
493.0,Macdonnell Rd,POINT (114.15837 22.275519),22.275519,114.15837,city,0,,13,0
494.0,Madame Tussauds,POINT (114.1497382 22.2711973),22.2711973,114.1497382,cultural,0,,390,1
496.0,Mai Hei,POINT (114.1861677 22.3048934),22.3048934,114.1861677,dining,0,,2,0
497.0,Mai Po Rd,POINT (114.0592827 22.4918277),22.4918277,114.0592827,city,0,,1,0
498.0,Main Street Bakery,POINT (114.0427323 22.3129308),22.3129308,114.0427323,dining,0,,16,0
499.0,Main Street Corner Café,POINT (114.042469 22.312871),22.312871,114.042469,dining,0,,4,0
500.0,Main Street Market,POINT (114.0429073 22.312961),22.312961,114.0429073,shopping,0,,5,0
501.0,Main Street USA,POINT (114.0433052 22.3129823),22.3129823,114.0433052,entertainment,0,,14,0
502.0,Mak Man Kee Noodle Shop,POINT (114.1705126 22.3046468),22.3046468,114.1705126,dining,0,,53,0
503.0,Mak's Noodle,POINT (114.1546096 22.2830505),22.2830505,114.1546096,dining,0,,108,1
504.0,Mammy Pancake,POINT (114.1854284 22.2794814),22.2794814,114.1854284,dining,0,,20,0
505.0,Man Kee Cart Noodle,POINT (114.1627354 22.3317461),22.3317461,114.1627354,dining,0,,15,0
506.0,Man Mo Temple,POINT (114.1501999 22.2839729),22.2839729,114.1501999,religion,0,,443,1
507.0,Man Wah,POINT (114.1754362 22.2766294),22.2766294,114.1754362,dining,0,,1,0
508.0,Man Wah Restaurant,POINT (114.1699724 22.3216087),22.3216087,114.1699724,dining,0,,3,0
510.0,Mandarin Oriental,POINT (114.1594433 22.2818794),22.2818794,114.1594433,hotel,0,,14,0
511.0,Maria's Bakery,POINT (114.1719651 22.3248822),22.3248822,114.1719651,dining,0,,4,0
512.0,Maritime Square,POINT (114.1081419 22.3584265),22.3584265,114.1081419,shopping,0,,11,0
513.0,Marty's General Store,POINT (114.0433811 22.3130478),22.3130478,114.0433811,shopping,0,,31,0
514.0,Masjid Ammar and Osman Ramju Sadick Islamic Centre,POINT (114.1788777 22.2773898),22.2773898,114.1788777,religion,0,,59,0
515.0,Masterbeef,POINT (114.170082 22.3169574),22.3169574,114.170082,dining,0,,3,0
516.0,Maxim's Palace,POINT (114.161759 22.28237),22.28237,114.161759,dining,0,,13,0
517.0,May Rd,POINT (114.1555451 22.2738597),22.2738597,114.1555451,city,0,,6,0
518.0,Meanwhile Coffee,POINT (114.1509813 22.2847339),22.2847339,114.1509813,dining,0,,2,0
519.0,Megan's Kitchen,POINT (114.1770513 22.2768993),22.2768993,114.1770513,dining,0,,2,0
520.0,Men Wah Bing Teng (Causeway Bay),POINT (114.183756 22.2812892),22.2812892,114.183756,dining,0,,4,0
521.0,Metro Winner Hotel,POINT (114.171195 22.3110872),22.3110872,114.171195,hotel,0,,2,0
522.0,Metroplaza,POINT (114.1261909 22.3574339),22.3574339,114.1261909,shopping,0,,9,0
523.0,Mid-Levels,POINT (114.147865 22.2816223),22.2816223,114.147865,area,0,,3,0
524.0,Middle Rd,POINT (114.1722505 22.2955823),22.2955823,114.1722505,city,0,,15,0
525.0,Mido Café,POINT (114.1702722 22.3102211),22.3102211,114.1702722,dining,0,,18,0
526.0,Midtown Delights,POINT (114.0427651 22.3129226),22.3129226,114.0427651,dining,0,,4,0
527.0,Milk Bar,POINT (114.1646077 22.3280135),22.3280135,114.1646077,dining,0,,5,0
528.0,Milk Café,POINT (114.1724837 22.3031133),22.3031133,114.1724837,dining,0,,11,0
529.0,Milksha,POINT (114.183451 22.2791897),22.2791897,114.183451,dining,0,,11,0
530.0,Min Jun Cart Noodles,POINT (114.1536328 22.2484315),22.2484315,114.1536328,dining,0,,1,0
531.0,Ming Court Hotel,POINT (114.172966 22.278367),22.278367,114.172966,hotel,0,,8,0
532.0,Ming Wah Bakery,POINT (114.1717756 22.3165496),22.3165496,114.1717756,dining,0,,2,0
533.0,Mini Central,POINT (114.15634 22.280489),22.280489,114.15634,hotel,0,,9,0
534.0,Mini Hotel,POINT (114.172444 22.297207),22.297207,114.172444,hotel,0,,11,0
535.0,Mira Place,POINT (114.17223 22.300049),22.300049,114.17223,shopping,0,,8,0
536.0,Mobile Softee,POINT (114.1701301 22.2980402),22.2980402,114.1701301,dining,0,,14,0
537.0,Model Boat Pool,POINT (114.2606581 22.3149738),22.3149738,114.2606581,city,0,,3,0
538.0,Mon Kee Café,POINT (114.2101093 22.2885139),22.2885139,114.2101093,dining,0,,34,0
539.0,Mondrian,POINT (114.1747994 22.2977106),22.2977106,114.1747994,hotel,0,,26,0
540.0,Mong Kok,POINT (114.169773 22.3203648),22.3203648,114.169773,area,0,,839,1
541.0,Mong Kok East,POINT (114.1726 22.32205),22.32205,114.1726,transit,0,,6,0
543.0,Mong Kok Night Market,POINT (114.1708472 22.3180557),22.3180557,114.1708472,shopping,0,,34,0
544.0,Mong Kok Station,POINT (114.1692081 22.3194068),22.3194068,114.1692081,transit,0,,67,0
545.0,Monopoly Dreams,POINT (114.1497077 22.2701292),22.2701292,114.1497077,entertainment,0,,19,0
546.0,Monster Building,POINT (114.2123028 22.2842028),22.2842028,114.2123028,city,0,,223,1
547.0,Montane Mansion,POINT (114.2119759 22.2842103),22.2842103,114.2119759,city,0,,6,0
548.0,More Yogurt,POINT (114.171371 22.316682),22.316682,114.171371,dining,0,,3,0
549.0,Mott 32,POINT (114.1591079 22.2806407),22.2806407,114.1591079,dining,0,,17,0
550.0,Mount Davis,POINT (114.1227427 22.2772566),22.2772566,114.1227427,outdoor,0,,8,0
551.0,Mount Parker Rd,POINT (114.2159966 22.2685204),22.2685204,114.2159966,outdoor,0,,7,0
552.0,Mr. Ma & Restaurant,POINT (114.1118854 22.2258721),22.2258721,114.1118854,dining,0,,3,0
554.0,Mt. High West Viewing Point,POINT (114.1361878 22.2721245),22.2721245,114.1361878,outdoor,0,,1,0
555.0,Mui Wo,POINT (113.9947441 22.266032),22.266032,113.9947441,area,0,,11,0
556.0,Mui Wo Ferry Pier,POINT (114.0196117 22.2365891),22.2365891,114.0196117,transit,0,,5,0
557.0,Museum of Art,POINT (114.1721324 22.2936055),22.2936055,114.1721324,cultural,0,,58,0
558.0,My Cup of Tea,POINT (114.1729032 22.2761048),22.2761048,114.1729032,dining,0,,9,0
559.0,Myarts,POINT (114.0305743 22.2089313),22.2089313,114.0305743,shopping,0,,1,0
560.0,Mystic Manor,POINT (114.0409612 22.3099697),22.3099697,114.0409612,entertainment,0,,174,1
561.0,N Lantau Hwy,POINT (113.9941709 22.3128123),22.3128123,113.9941709,city,0,,1,0
562.0,N1 Coffee & Co.,POINT (114.1747068 22.2971553),22.2971553,114.1747068,dining,0,,9,0
563.0,NOC,POINT (114.1393031 22.2876967),22.2876967,114.1393031,dining,0,,8,0
564.0,Nam Wan Tunnel,POINT (114.1009114 22.3385402),22.3385402,114.1009114,city,0,,1,0
565.0,Nan Lian Garden,POINT (114.2045149 22.3396114),22.3396114,114.2045149,cultural,0,,185,1
566.0,Nathan Hotel,POINT (114.1716967 22.3076315),22.3076315,114.1716967,hotel,0,,8,0
567.0,Nathan Rd,POINT (114.1710157 22.3109155),22.3109155,114.1710157,city,0,,198,1
568.0,Nei Nak Shan,POINT (113.911925 22.2629796),22.2629796,113.911925,outdoor,0,,6,0
569.0,Nelson St,POINT (114.1701701 22.3184656),22.3184656,114.1701701,city,0,,14,0
570.0,New Baccarat Seafood Restaurant,POINT (114.0270098 22.2115259),22.2115259,114.0270098,dining,0,,1,0
571.0,New Five Dragon Congee & Noodle Restaurant,POINT (114.1470543 22.2878366),22.2878366,114.1470543,dining,0,,3,0
572.0,New Istanbul Kebab,POINT (114.173987 22.298117),22.298117,114.173987,dining,0,,3,0
573.0,New Praya,POINT (114.1275369 22.2839248),22.2839248,114.1275369,city,0,,3,0
574.0,New Punjab Club,POINT (114.1551976 22.279972),22.279972,114.1551976,dining,0,,2,0
575.0,New Territories,POINT (114.1234149 22.3704243),22.3704243,114.1234149,area,0,,18,0
576.0,New Town Plaza,POINT (114.1886372 22.3817578),22.3817578,114.1886372,shopping,0,,14,0
577.0,New World Millennium,POINT (114.1797146 22.2993157),22.2993157,114.1797146,hotel,0,,3,0
578.0,New World Town Hall,POINT (114.1463815 22.3392195),22.3392195,114.1463815,city,0,,2,0
579.0,Ngong Ping,POINT (113.9053189 22.2560986),22.2560986,113.9053189,area,0,,624,1
580.0,Ngong Ping 360,POINT (113.9014163 22.2563163),22.2563163,113.9014163,entertainment,0,,1194,1
581.0,Ngong Ping Cable Car Station,POINT (113.938519 22.2903229),22.2903229,113.938519,entertainment,0,,27,0
582.0,Ngong Ping Nature Centre,POINT (113.9031923 22.2558934),22.2558934,113.9031923,city,0,,1,0
583.0,Ngong Ping Piazza,POINT (113.9058728 22.2552355),22.2552355,113.9058728,cultural,0,,6,0
584.0,Ngong Ping Village,POINT (113.9029888 22.2561853),22.2561853,113.9029888,cultural,0,,740,1
585.0,Nina Mall,POINT (114.11299 22.368748),22.368748,114.11299,shopping,0,,2,0
586.0,Nmcnoodles,POINT (114.1738374 22.2993736),22.2993736,114.1738374,dining,0,,4,0
587.0,Noah's Ark Hotel and Resort,POINT (114.061618 22.348296),22.348296,114.061618,hotel,0,,2,0
588.0,North Point,POINT (114.192803 22.2884683),22.2884683,114.192803,area,0,,138,1
589.0,North Point Station,POINT (114.2004947 22.2912707),22.2912707,114.2004947,transit,0,,2,0
590.0,North Pole Encounter,POINT (114.1719653 22.2351741),22.2351741,114.1719653,entertainment,0,,6,0
591.0,Northern Dumpling Yuan,POINT (114.1743552 22.2743259),22.2743259,114.1743552,dining,0,,1,0
592.0,Not Just Coffee,POINT (114.1714564 22.3102453),22.3102453,114.1714564,dining,0,,2,0
593.0,Novotel,POINT (114.176386 22.2788043),22.2788043,114.176386,hotel,0,,13,0
594.0,OZONE,POINT (114.1601865 22.3033986),22.3033986,114.1601865,dining,0,,3,0
595.0,Oasis Aurum 181 Hotel,POINT (114.1367366 22.2873529),22.2873529,114.1367366,hotel,0,,11,0
596.0,Ocean Express Waterfront Station,POINT (114.1758883 22.2454298),22.2454298,114.1758883,entertainment,0,,2,0
597.0,Ocean Pacific,POINT (114.1704063 22.3073661),22.3073661,114.1704063,dining,0,,18,0
598.0,Ocean Park,POINT (114.1721746 22.2346359),22.2346359,114.1721746,entertainment,0,,5506,1
599.0,Ocean Park Station,POINT (114.1744429 22.2486966),22.2486966,114.1744429,transit,0,,7,0
600.0,Ocean Theatre,POINT (114.1707625 22.2333879),22.2333879,114.1707625,entertainment,0,,1,0
601.0,Ohlalagout,POINT (114.1514204 22.2847014),22.2847014,114.1514204,dining,0,,2,0
602.0,Oi Man Sang,POINT (114.1623071 22.3266872),22.3266872,114.1623071,dining,0,,21,0
603.0,Old Hong Kong,POINT (114.1764989 22.2461407),22.2461407,114.1764989,city,0,,76,0
604.0,Old Wan Chai Post Office,POINT (114.1732953 22.2743175),22.2743175,114.1732953,cultural,0,,2,0
605.0,Omotesando Koffee,POINT (114.1724786 22.2756634),22.2756634,114.1724786,dining,0,,1,0
606.0,On The Hill Coffee Bar,POINT (114.186357 22.312774),22.312774,114.186357,dining,0,,8,0
607.0,One Dim Sum,POINT (114.1691662 22.3254793),22.3254793,114.1691662,dining,0,,44,0
608.0,One One Roast Goose Restaurant,POINT (114.1277596 22.2814945),22.2814945,114.1277596,dining,0,,4,0
610.0,PMQ,POINT (114.1515669 22.283328),22.283328,114.1515669,shopping,0,,34,0
611.0,Pa Shih,POINT (114.1525344 22.2842271),22.2842271,114.1525344,dining,0,,2,0
612.0,Pacific Place,POINT (114.1649087 22.2772459),22.2772459,114.1649087,shopping,0,,15,0
613.0,Pai Tau Village,POINT (114.186078 22.3846378),22.3846378,114.186078,cultural,0,,1,0
614.0,Panda Hotel,POINT (114.120796 22.368988),22.368988,114.120796,hotel,0,,26,0
615.0,Park Hotel,POINT (114.1754722 22.2996441),22.2996441,114.1754722,hotel,0,,9,0
616.0,Passione,POINT (114.1721445 22.2755562),22.2755562,114.1721445,dining,0,,1,0
617.0,Peel St,POINT (114.1524076 22.282327),22.282327,114.1524076,city,0,,6,0
618.0,Peking Garden,POINT (114.1690422 22.2946924),22.2946924,114.1690422,dining,0,,6,0
619.0,Peking Rd,POINT (114.1708432 22.2963245),22.2963245,114.1708432,city,0,,7,0
620.0,Peng Chau,POINT (114.0413675 22.2830679),22.2830679,114.0413675,natural,0,,9,0
621.0,Peninsula - The Arcade,POINT (114.171506 22.2951044),22.2951044,114.171506,shopping,0,,12,0
622.0,Pichic Bay,POINT (114.131468 22.205547),22.205547,114.131468,natural,0,,3,0
623.0,Ping Pong 129,POINT (114.1397016 22.2863229),22.2863229,114.1397016,dining,0,,7,0
624.0,Ping Shan,POINT (114.0083831 22.4406709),22.4406709,114.0083831,area,0,,6,0
625.0,Ping Shek Estate,POINT (114.209086 22.333731),22.333731,114.209086,city,0,,2,0
626.0,Playhouse in the Woods,POINT (114.039073 22.3129981),22.3129981,114.039073,entertainment,0,,23,0
627.0,Plaza Hollywood,POINT (114.2020184 22.3405929),22.3405929,114.2020184,shopping,0,,3,0
628.0,Po Kee BBQ Restaurant,POINT (114.1364596 22.2860372),22.2860372,114.1364596,dining,0,,9,0
629.0,Po Lin Monastery,POINT (113.9080796 22.2554932),22.2554932,113.9080796,religion,0,,1311,1
630.0,Po Toi,POINT (114.2598533 22.1692324),22.1692324,114.2598533,natural,0,,1,0
632.0,Pok Fu Lam Reservoir Rd,POINT (114.1428983 22.2667519),22.2667519,114.1428983,outdoor,0,,1,0
633.0,Portland St,POINT (114.1686812 22.3191173),22.3191173,114.1686812,city,0,,10,0
634.0,Potion House,POINT (114.1715012 22.2759639),22.2759639,114.1715012,dining,0,,1,0
635.0,Prince Edward,POINT (114.1692021 22.3243935),22.3243935,114.1692021,area,0,,60,0
636.0,Prince Edward Station,POINT (114.1683841 22.3250797),22.3250797,114.1683841,transit,0,,15,0
637.0,Prince Tower,POINT (114.1712853 22.2965144),22.2965144,114.1712853,city,0,,7,0
638.0,Prince's Building,POINT (114.1592117 22.2811963),22.2811963,114.1592117,city,0,,14,0
639.0,Prison Yard,POINT (114.1539264 22.2808177),22.2808177,114.1539264,cultural,0,,10,0
640.0,Prosperous Building,POINT (114.1564528 22.2833466),22.2833466,114.1564528,city,0,,4,0
641.0,QRE Plaza,POINT (114.1722029 22.2749857),22.2749857,114.1722029,shopping,0,,1,0
642.0,Quarry Bay,POINT (114.2123009 22.2827206),22.2827206,114.2123009,area,0,,64,0
643.0,Quarry Bay Station,POINT (114.2097467 22.2878748),22.2878748,114.2097467,transit,0,,2,0
644.0,Queen St,POINT (114.147243 22.287611),22.287611,114.147243,city,0,,4,0
646.0,Queen's Road,POINT (114.155245 22.2833688),22.2833688,114.155245,city,0,,69,0
647.0,Queensway,POINT (114.1644047 22.2784929),22.2784929,114.1644047,city,0,,7,0
648.0,Quinary,POINT (114.1528646 22.2826601),22.2826601,114.1528646,dining,0,,2,0
649.0,ROSÉ,POINT (114.1561361 22.2811073),22.2811073,114.1561361,dining,0,,3,0
650.0,Rabbitland Café,POINT (114.1841144 22.2810481),22.2810481,114.1841144,dining,0,,2,0
651.0,Rainbow Stairs,POINT (114.1520302 22.2848544),22.2848544,114.1520302,cultural,0,,3,0
652.0,Ramada Hong Kong Grand View,POINT (114.1973575 22.2911591),22.2911591,114.1973575,hotel,0,,3,0
653.0,Ramada Hong Kong Harbour View,POINT (114.1435312 22.28699),22.28699,114.1435312,hotel,0,,7,0
654.0,Ramen Iroha,POINT (114.1865822 22.2779338),22.2779338,114.1865822,dining,0,,1,0
655.0,Red Incense Burner Summit,POINT (114.1968865 22.2821816),22.2821816,114.1968865,outdoor,0,,4,0
656.0,Red Tea,POINT (114.1732766 22.2990115),22.2990115,114.1732766,dining,0,,3,0
657.0,Regal Airport Hotel ,POINT (113.9343274 22.3186949),22.3186949,113.9343274,hotel,0,,16,0
658.0,Regal Hongkong Hotel,POINT (114.186825 22.279153),22.279153,114.186825,hotel,0,,6,0
659.0,Regal Kowloon Hotel,POINT (114.178027 22.298849),22.298849,114.178027,hotel,0,,32,0
660.0,Regal Oriental Hotel,POINT (114.1930606 22.3299762),22.3299762,114.1930606,hotel,0,,4,0
661.0,Regala Skycity Hotel,POINT (113.9420082 22.3192383),22.3192383,113.9420082,hotel,0,,3,0
662.0,Regent,POINT (114.1739346 22.2934362),22.2934362,114.1739346,hotel,0,,52,0
663.0,Repulse Bay,POINT (114.1952039 22.2345043),22.2345043,114.1952039,natural,0,,176,1
664.0,Repulse Bay Beach,POINT (114.1963252 22.2367659),22.2367659,114.1963252,natural,0,,10,0
665.0,Reservoir Islands Viewpoint,POINT (114.0241592 22.3908987),22.3908987,114.0241592,outdoor,0,,3,0
666.0,Robinson Rd,POINT (114.1495332 22.2810895),22.2810895,114.1495332,city,0,,2,0
667.0,Rosedale Hotel,POINT (114.1883333 22.2791667),22.2791667,114.1883333,hotel,0,,4,0
668.0,Rosedale Hotel ,POINT (114.1882906 22.2792267),22.2792267,114.1882906,hotel,0,,3,0
669.0,Rosewood,POINT (114.1758105 22.2949764),22.2949764,114.1758105,hotel,0,,15,0
670.0,Royal Banquet Hall,POINT (114.0409 22.3122806),22.3122806,114.0409,dining,0,,8,0
671.0,Royal Plaza Hotel,POINT (114.17312 22.3242126),22.3242126,114.17312,hotel,0,,6,0
672.0,Royal View Hotel,POINT (114.0780214 22.3684504),22.3684504,114.0780214,hotel,0,,4,0
673.0,SHARI SHARI Kakigori House,POINT (114.1865756 22.2774682),22.2774682,114.1865756,dining,0,,14,0
674.0,SHOWA Causeway Bay,POINT (114.1842247 22.2789798),22.2789798,114.1842247,shopping,0,,2,0
675.0,SOGO,POINT (114.1843032 22.2804272),22.2804272,114.1843032,shopping,0,,151,1
676.0,STAY MK,POINT (114.1696623 22.3157565),22.3157565,114.1696623,hotel,0,,2,0
677.0,Sai Kung Cafe & Bakery,POINT (114.2731611 22.3812038),22.3812038,114.2731611,dining,0,,3,0
678.0,Sai Kung District,POINT (114.270976 22.3833893),22.3833893,114.270976,area,0,,32,0
679.0,Sai Kung New Public Pier,POINT (114.2744323 22.3812237),22.3812237,114.2744323,transit,0,,3,0
680.0,Sai Kung Public Pier,POINT (114.274132 22.381654),22.381654,114.274132,transit,0,,1,0
682.0,Sai Wan,POINT (114.1365037 22.2876838),22.2876838,114.1365037,area,0,,1,0
683.0,Sai Ying Pun,POINT (114.1417059 22.2875634),22.2875634,114.1417059,area,0,,38,0
684.0,Sai Ying Pun Station,POINT (114.142733 22.285533),22.285533,114.142733,transit,0,,3,0
685.0,Saisho Daigo,POINT (114.2219135 22.281411),22.281411,114.2219135,dining,0,,2,0
686.0,Saizeriya Ristorante e Caffé,POINT (114.1864318 22.2793292),22.2793292,114.1864318,dining,0,,2,0
688.0,Sampan Seafood Restaurant,POINT (114.1113807 22.2267239),22.2267239,114.1113807,dining,0,,2,0
689.0,Samsen,POINT (114.1741694 22.274125),22.274125,114.1741694,dining,0,,2,0
690.0,Sang Roastery,POINT (114.1934739 22.3204627),22.3204627,114.1934739,dining,0,,10,0
691.0,Sau Wa Fong,POINT (114.1825781 22.2762468),22.2762468,114.1825781,city,0,,6,0
692.0,Sense Coffee,POINT (114.1520185 22.2857239),22.2857239,114.1520185,dining,0,,2,0
693.0,Sha Kok Station,POINT (114.1939135 22.3766305),22.3766305,114.1939135,transit,0,,3,0
694.0,Sha Po New Village,POINT (114.112469 22.225349),22.225349,114.112469,cultural,0,,1,0
695.0,Sha Tin,POINT (114.2093287 22.386408),22.386408,114.2093287,area,0,,16,0
696.0,Sha Tin Che Kung Temple,POINT (114.182831 22.373419),22.373419,114.182831,religion,0,,458,1
697.0,Sha Tin Park,POINT (114.1901434 22.3795777),22.3795777,114.1901434,city,0,,4,0
698.0,Sha Tin Racecourse,POINT (114.2045026 22.4007203),22.4007203,114.2045026,entertainment,0,,21,0
699.0,Sha Tin Station,POINT (114.186856 22.382049),22.382049,114.186856,transit,0,,6,0
700.0,Sham Shui Po,POINT (114.1602846 22.3285899),22.3285899,114.1602846,area,0,,129,1
701.0,Sham Shui Po Gadget Outlet,POINT (114.1617244 22.3318073),22.3318073,114.1617244,shopping,0,,2,0
702.0,Sham Shui Po Government Primary School,POINT (114.1477494 22.3332735),22.3332735,114.1477494,school,0,,1,0
703.0,Shang Sin Chun Tong,POINT (114.1207922 22.5063885),22.5063885,114.1207922,religion,0,,3,0
704.0,Shanghai St,POINT (114.1692758 22.3135379),22.3135379,114.1692758,city,0,,7,0
705.0,Shangri-La,POINT (114.1644241 22.2771904),22.2771904,114.1644241,hotel,0,,26,0
707.0,Shatin Plaza,POINT (114.1895339 22.3833614),22.3833614,114.1895339,shopping,0,,2,0
708.0,Shau Kei Wan,POINT (114.2286476 22.278746),22.278746,114.2286476,area,0,,76,0
709.0,Shau Kei Wan Market,POINT (114.2299015 22.2782429),22.2782429,114.2299015,shopping,0,,2,0
710.0,Shau Kei Wan Station,POINT (114.2288794 22.2792428),22.2792428,114.2288794,transit,0,,8,0
711.0,Shau Kei Wan Terminus,POINT (114.2300602 22.2778627),22.2778627,114.2300602,transit,0,,4,0
712.0,Shek Kee Wonton Noodles,POINT (114.1707205 22.2969461),22.2969461,114.1707205,dining,0,,2,0
713.0,Shek O Beach,POINT (114.2511234 22.228976),22.228976,114.2511234,natural,0,,10,0
714.0,Shek O Peak,POINT (114.2333333 22.2333333),22.2333333,114.2333333,outdoor,0,,7,0
715.0,Shek Tong Tsui,POINT (114.1338924 22.2863914),22.2863914,114.1338924,area,0,,9,0
716.0,Shek Tong Tsui Market and Cooked Food Centre,POINT (114.1361586 22.2856848),22.2856848,114.1361586,shopping,0,,3,0
717.0,Shelley St,POINT (114.1523005 22.2810265),22.2810265,114.1523005,city,0,,19,0
718.0,Sheraton Hong Kong Hotel & Towers,POINT (114.17261 22.2952177),22.2952177,114.17261,hotel,0,,10,0
719.0,Sheraton Hong Kong Tung Chung Hotel,POINT (113.9461967 22.2956594),22.2956594,113.9461967,hotel,0,,2,0
720.0,Sheung Shui,POINT (114.1260991 22.5112008),22.5112008,114.1260991,area,0,,7,0
721.0,Sheung Wan,POINT (114.1491375 22.2863943),22.2863943,114.1491375,area,0,,175,1
722.0,Shing Kee Congee Noodle,POINT (114.1706046 22.3037161),22.3037161,114.1706046,dining,0,,3,0
723.0,Shing Wong St,POINT (114.1512459 22.2834393),22.2834393,114.1512459,city,0,,1,0
724.0,Shiu Shing Hong,POINT (114.1501518 22.285703),22.285703,114.1501518,shopping,0,,25,0
725.0,Shouson Hill,POINT (114.1810919 22.2471845),22.2471845,114.1810919,outdoor,0,,1,0
726.0,Shun Tak Centre,POINT (114.1517914 22.2879098),22.2879098,114.1517914,city,0,,2,0
727.0,Silka Seaview Hotel,POINT (114.1700315 22.3103592),22.3103592,114.1700315,hotel,0,,2,0
728.0,Silka Tsuen Wan,POINT (114.1387044 22.369145),22.369145,114.1387044,hotel,0,,2,0
729.0,Sim City,POINT (114.1701562 22.3176702),22.3176702,114.1701562,shopping,0,,11,0
730.0,Sing Kee,POINT (114.1547216 22.2836143),22.2836143,114.1547216,dining,0,,3,0
731.0,Sister Wah Beef Brisket,POINT (114.1915492 22.2831794),22.2831794,114.1915492,dining,0,,30,0
732.0,Siu Lam,POINT (114.0116334 22.3687091),22.3687091,114.0116334,natural,0,,4,0
733.0,Sky 100,POINT (114.1603497 22.3034464),22.3034464,114.1603497,city,0,,524,1
734.0,Sky Bridge,POINT (113.9315268 22.3160322),22.3160322,113.9315268,city,0,,1,0
735.0,Sky City Interchange,POINT (113.9420461 22.3142615),22.3142615,113.9420461,transit,0,,1,0
736.0,SkyCity Marriott Hotel,POINT (113.943278 22.317823),22.317823,113.943278,hotel,0,,4,0
737.0,SkyPier,POINT (113.9440077 22.3179776),22.3179776,113.9440077,transit,0,,2,0
738.0,Sleepyhead,POINT (114.1684358 22.2764465),22.2764465,114.1684358,dining,0,,3,0
739.0,Sneakers Street,POINT (114.1711656 22.3187397),22.3187397,114.1711656,shopping,0,,51,0
740.0,Snoopy's World,POINT (114.1893073 22.3819376),22.3819376,114.1893073,entertainment,0,,25,0
741.0,Soft Thunder Bakery,POINT (114.1688075 22.2768698),22.2768698,114.1688075,dining,0,,2,0
743.0,South Horizons,POINT (114.1476512 22.243373),22.243373,114.1476512,city,0,,6,0
744.0,Southorn Stadium,POINT (114.1728298 22.2766709),22.2766709,114.1728298,sport,0,,1,0
745.0,Space Traders,POINT (114.0414923 22.313995),22.313995,114.0414923,entertainment,0,,4,0
746.0,Spirit Book Store,POINT (114.1962771 22.2913978),22.2913978,114.1962771,shopping,0,,1,0
747.0,Spring Garden Ln,POINT (114.1726383 22.2753739),22.2753739,114.1726383,city,0,,2,0
748.0,St Francis Rd,POINT (114.1692703 22.2760127),22.2760127,114.1692703,city,0,,2,0
749.0,St John's Cathedral,POINT (114.1597309 22.2787367),22.2787367,114.1597309,religion,0,,42,0
750.0,St Margaret's Church,POINT (114.1844368 22.2741103),22.2741103,114.1844368,religion,0,,1,0
751.0,St. Paul's Church,POINT (114.1554024 22.2796308),22.2796308,114.1554024,religion,0,,3,0
752.0,Stanford Hillview Hotel,POINT (114.1744504 22.3014619),22.3014619,114.1744504,hotel,0,,3,0
753.0,Stanley,POINT (114.2126685 22.220422),22.220422,114.2126685,area,0,,31,0
754.0,Stanley Main Street,POINT (114.2128324 22.2171556),22.2171556,114.2128324,city,0,,2,0
755.0,Stanley Market,POINT (114.212625 22.2181259),22.2181259,114.212625,shopping,0,,13,0
756.0,Stanley Murray House,POINT (114.2097467 22.2180454),22.2180454,114.2097467,cultural,0,,2,0
757.0,Stanley Plaza,POINT (114.2099012 22.2193417),22.2193417,114.2099012,shopping,0,,2,0
758.0,Stanley St,POINT (114.1552448 22.2827288),22.2827288,114.1552448,city,0,,3,0
759.0,Stanley Village Rd,POINT (114.2125246 22.2210482),22.2210482,114.2125246,city,0,,6,0
760.0,Star Ferry,POINT (114.169106 22.2942179),22.2942179,114.169106,transit,0,,3,0
761.0,Star Ferry Pier,POINT (114.1612735 22.2871502),22.2871502,114.1612735,transit,0,,80,0
762.0,Star Ferry's Water Tour,POINT (114.0461057 22.306329),22.306329,114.0461057,transit,0,,1,0
763.0,Star St,POINT (114.168306 22.2761315),22.2761315,114.168306,city,0,,1,0
764.0,Starbucks (Avenue of Stars),POINT (114.1763305 22.2954387),22.2954387,114.1763305,dining,0,,1,0
765.0,Starliner Diner,POINT (114.042069 22.3132348),22.3132348,114.042069,dining,0,,9,0
766.0,Staunton St,POINT (114.1523449 22.2823763),22.2823763,114.1523449,city,0,,6,0
767.0,Stone Nullah Ln,POINT (114.173862 22.2744181),22.2744181,114.173862,city,0,,7,0
768.0,Stone Slab Street,POINT (114.1564438 22.2836173),22.2836173,114.1564438,city,0,,82,0
769.0,Stubbs Rd,POINT (114.1785536 22.2697473),22.2697473,114.1785536,city,0,,3,0
770.0,Sukiya,POINT (114.167774 22.319276),22.319276,114.167774,dining,0,,4,0
771.0,Sum Hung Cuisine,POINT (114.1718727 22.3162773),22.3162773,114.1718727,dining,0,,2,0
772.0,Sun Heung Yuen,POINT (114.1608932 22.3298688),22.3298688,114.1608932,dining,0,,27,0
773.0,Sun Hing Restaurant,POINT (114.1282358 22.2829656),22.2829656,114.1282358,dining,0,,29,0
774.0,Sun Kee Noodles,POINT (114.1281009 22.283202),22.283202,114.1281009,dining,0,,11,0
776.0,Sun King Yuen Curry Restaurant,POINT (114.1729784 22.2758176),22.2758176,114.1729784,dining,0,,12,0
777.0,Sun Sing St,POINT (114.2250275 22.2793199),22.2793199,114.2250275,city,0,,12,0
778.0,Sun St,POINT (114.1683811 22.2765342),22.2765342,114.1683811,city,0,,2,0
779.0,Sun Wui Kong Restaurant,POINT (114.157556 22.3365789),22.3365789,114.157556,dining,0,,3,0
780.0,Sun Wui Rd,POINT (114.1846887 22.2775861),22.2775861,114.1846887,city,0,,1,0
781.0,Sun Yat Sen Memorial Park,POINT (114.1454925 22.2902364),22.2902364,114.1454925,cultural,0,,42,0
782.0,Sunbeam Whampoa,POINT (114.2000753 22.2912858),22.2912858,114.2000753,cultural,0,,2,0
783.0,Sung Wong Toi,POINT (114.1913 22.32591),22.32591,114.1913,area,0,,4,0
784.0,Sunny Bay Station,POINT (114.0289607 22.331731),22.331731,114.0289607,transit,0,,87,0
785.0,Sushi Masa,POINT (114.1504604 22.2857159),22.2857159,114.1504604,dining,0,,1,0
786.0,Sushi Raku,POINT (114.1559665 22.2813013),22.2813013,114.1559665,dining,0,,4,0
787.0,Sushiyoshi,POINT (114.1729354 22.298562),22.298562,114.1729354,dining,0,,2,0
789.0,SìpSip Rooftop Shisha Bar,POINT (114.1918435 22.2850533),22.2850533,114.1918435,dining,0,,1,0
790.0,T Square,POINT (114.1545139 22.2486503),22.2486503,114.1545139,shopping,0,,3,0
791.0,THE MATCHA TOKYO,POINT (114.1828394 22.2782176),22.2782176,114.1828394,dining,0,,24,0
793.0,Tai Cheong Bakery,POINT (114.153615 22.282594),22.282594,114.153615,dining,0,,51,0
794.0,Tai Chi Garden,POINT (114.1611098 22.2767188),22.2767188,114.1611098,city,0,,2,0
795.0,Tai Hang,POINT (114.1937244 22.2751881),22.2751881,114.1937244,area,0,,47,0
796.0,Tai Hang Rd,POINT (114.1923218 22.2775724),22.2775724,114.1923218,dining,0,,1,0
797.0,Tai Hing,POINT (114.190765 22.304823),22.304823,114.190765,dining,0,,9,0
798.0,Tai Kok Tsui,POINT (114.1620857 22.3198474),22.3198474,114.1620857,area,0,,35,0
799.0,Tai Kok Tsui Rd,POINT (114.1620152 22.32233),22.32233,114.1620152,city,0,,2,0
800.0,Tai Kwun,POINT (114.154023 22.2811686),22.2811686,114.154023,cultural,0,,227,1
801.0,Tai Lam Chung Reservoir,POINT (114.0292614 22.3842445),22.3842445,114.0292614,natural,0,,29,0
802.0,Tai Long Wan,POINT (114.3994981 22.4007942),22.4007942,114.3994981,natural,0,,21,0
803.0,Tai Mo Shan,POINT (114.1379499 22.4088464),22.4088464,114.1379499,outdoor,0,,721,1
804.0,Tai O,POINT (113.8661195 22.2523195),22.2523195,113.8661195,area,0,,439,1
805.0,Tai O Bakery,POINT (113.8631366 22.2547737),22.2547737,113.8631366,dining,0,,29,0
807.0,Tai O Lookout,POINT (113.8538943 22.2532063),22.2532063,113.8538943,dining,0,,2,0
808.0,Tai O Market St,POINT (113.8621 22.2540245),22.2540245,113.8621,shopping,0,,5,0
809.0,Tai O Rd,POINT (113.8724226 22.2476013),22.2476013,113.8724226,city,0,,3,0
810.0,Tai O Rural Committee Square,POINT (113.8622381 22.2545463),22.2545463,113.8622381,cultural,0,,1,0
812.0,Tai On Coffee & Tea Shop,POINT (114.1684446 22.3133868),22.3133868,114.1684446,dining,0,,19,0
813.0,Tai Pak Restaurant,POINT (114.1107473 22.3720011),22.3720011,114.1107473,dining,0,,1,0
814.0,Tai Ping Shan,POINT (114.1481805 22.2848433),22.2848433,114.1481805,outdoor,0,,64,0
815.0,Tai Po,POINT (114.165521 22.4423282),22.4423282,114.165521,area,0,,720,1
816.0,Tai Po Hui,POINT (114.1660176 22.4463116),22.4463116,114.1660176,shopping,0,,2,0
817.0,Tai Tam,POINT (114.2106427 22.2567774),22.2567774,114.2106427,area,0,,40,0
818.0,Tai Tam Gap,POINT (114.2316197 22.2587513),22.2587513,114.2316197,area,0,,2,0
819.0,Tai Tam Mound Waterfall,POINT (114.0218965 22.3867326),22.3867326,114.0218965,natural,0,,2,0
820.0,Tai Tam Reservoir,POINT (114.2130899 22.2515681),22.2515681,114.2130899,natural,0,,180,1
821.0,Tai Wai,POINT (114.178626 22.375941),22.375941,114.178626,area,0,,11,0
822.0,Tai Wo Hau Station,POINT (114.124951 22.370758),22.370758,114.124951,transit,0,,5,0
823.0,Tai Wo St,POINT (114.1740649 22.2761617),22.2761617,114.1740649,city,0,,2,0
824.0,Tai Wo Tang Café,POINT (114.1894226 22.3285877),22.3285877,114.1894226,dining,0,,19,0
825.0,Tai Wong Temple,POINT (114.1708326 22.2754516),22.2754516,114.1708326,religion,0,,8,0
826.0,Tai Wong Yeh Temple,POINT (114.2307856 22.313243),22.313243,114.2307856,religion,0,,75,0
827.0,Tai Yuen St,POINT (114.1732951 22.2755235),22.2755235,114.1732951,city,0,,2,0
828.0,Taikoo Place,POINT (114.2110848 22.2872229),22.2872229,114.2110848,city,0,,15,0
829.0,Taikoo Shing,POINT (114.2189883 22.2865471),22.2865471,114.2189883,area,0,,31,0
830.0,Tamar Park,POINT (114.1657652 22.2815974),22.2815974,114.1657652,city,0,,4,0
831.0,Tarzan's Treehouse,POINT (114.0417371 22.3113272),22.3113272,114.0417371,entertainment,0,,14,0
832.0,Tei Mou Koon Dessert,POINT (114.1874719 22.3287948),22.3287948,114.1874719,dining,0,,32,0
833.0,Temple St,POINT (114.1702215 22.3073082),22.3073082,114.1702215,city,0,,181,1
834.0,Temple Street Night Market,POINT (114.1699805 22.3065185),22.3065185,114.1699805,shopping,0,,199,1
835.0,Ten Thousand Buddhas Monastery,POINT (114.1847775 22.3876093),22.3876093,114.1847775,religion,0,,33,0
836.0,The Alley,POINT (114.1718901 22.29638),22.29638,114.1718901,dining,0,,8,0
837.0,The Archive Shop,POINT (114.0406676 22.3099503),22.3099503,114.0406676,shopping,0,,1,0
838.0,The Archivist,POINT (114.0369862 22.3088587),22.3088587,114.0369862,hotel,0,,3,0
839.0,The Baker & The Bottleman,POINT (114.1720642 22.2750054),22.2750054,114.1720642,dining,0,,2,0
841.0,The Cheesecake Factory,POINT (114.1679292 22.2995109),22.2995109,114.1679292,dining,0,,7,0
842.0,The Chinese Library,POINT (114.1541034 22.2817737),22.2817737,114.1541034,dining,0,,5,0
843.0,The Cityview,POINT (114.171644 22.313683),22.313683,114.171644,hotel,0,,6,0
844.0,The Emperor Hotel,POINT (114.1782419 22.2748188),22.2748188,114.1782419,hotel,0,,7,0
845.0,The FOREST,POINT (114.1714151 22.3189016),22.3189016,114.1714151,shopping,0,,6,0
846.0,The Farmhouse,POINT (114.1990127 22.2929382),22.2929382,114.1990127,dining,0,,5,0
847.0,The Fleming,POINT (114.1748164 22.2789688),22.2789688,114.1748164,hotel,0,,8,0
848.0,The Fullerton Ocean Park Hotel,POINT (114.1655464 22.2369121),22.2369121,114.1655464,hotel,0,,43,0
849.0,The Grand Aquarium,POINT (114.1746826 22.2458385),22.2458385,114.1746826,entertainment,0,,42,0
850.0,The Grand Buffet,POINT (114.1717929 22.2746422),22.2746422,114.1717929,dining,0,,13,0
851.0,The Harbourview,POINT (114.1711192 22.2801722),22.2801722,114.1711192,hotel,0,,6,0
852.0,The Hari,POINT (114.1781606 22.2788492),22.2788492,114.1781606,hotel,0,,4,0
853.0,The Helena May,POINT (114.158521 22.2775168),22.2775168,114.158521,cultural,0,,1,0
854.0,The Hideout,POINT (113.9954981 22.2631723),22.2631723,113.9954981,dining,0,,1,0
855.0,The Hong Kong Country Club,POINT (114.178375 22.2449736),22.2449736,114.178375,entertainment,0,,1,0
856.0,The Hong Kong Polytechnic University,POINT (114.1795767 22.3045633),22.3045633,114.1795767,school,0,,12,0
857.0,The Hong Kong Tourism Board Kowloon Visitor Centre,POINT (113.935044 22.315492),22.315492,113.935044,city,0,,68,0
858.0,The Ice Palace,POINT (114.2173786 22.2870415),22.2870415,114.2173786,sport,0,,1,0
859.0,The Iron Fairies,POINT (114.1545553 22.2819802),22.2819802,114.1545553,dining,0,,23,0
860.0,The Kimberley Hotel,POINT (114.173762 22.3005735),22.3005735,114.173762,hotel,0,,7,0
861.0,The Langham,POINT (114.1697461 22.2963977),22.2963977,114.1697461,hotel,0,,16,0
862.0,The Merton,POINT (114.126068 22.2832703),22.2832703,114.126068,city,0,,2,0
863.0,The Mira,POINT (114.1722504 22.3003264),22.3003264,114.1722504,hotel,0,,13,0
864.0,The Monocle Shop,POINT (114.1692794 22.2760997),22.2760997,114.1692794,shopping,0,,1,0
865.0,The Murray,POINT (114.160106 22.2780806),22.2780806,114.160106,hotel,0,,8,0
866.0,The ONE,POINT (114.1726855 22.2998217),22.2998217,114.1726855,shopping,0,,6,0
867.0,The Old Man,POINT (114.1516321 22.2828387),22.2828387,114.1516321,dining,0,,2,0
868.0,The One Bakery,POINT (114.1707185 22.3119246),22.3119246,114.1707185,dining,0,,4,0
869.0,The Peak Galleria,POINT (114.1496575 22.2701512),22.2701512,114.1496575,shopping,0,,47,0
870.0,The Peak Lookout,POINT (114.1493835 22.2709975),22.2709975,114.1493835,dining,0,,10,0
871.0,The Peak Terminus,POINT (114.149604 22.270375),22.270375,114.149604,transit,0,,7,0
872.0,The Peak Tower,POINT (114.1502415 22.2712192),22.2712192,114.1502415,city,0,,318,1
873.0,The Peak Tram,POINT (114.1591909 22.2776827),22.2776827,114.1591909,entertainment,0,,1705,1
874.0,The Peninsula,POINT (114.1718537 22.2951024),22.2951024,114.1718537,hotel,0,,713,1
875.0,The Pontiac,POINT (114.1535366 22.2816188),22.2816188,114.1535366,dining,0,,2,0
876.0,The Pottinger,POINT (114.1553894 22.2828401),22.2828401,114.1553894,hotel,0,,3,0
877.0,The Ritz-Carlton,POINT (114.1601907 22.3034032),22.3034032,114.1601907,hotel,0,,139,1
878.0,The Royal Garden,POINT (114.1776517 22.2985622),22.2985622,114.1776517,hotel,0,,19,0
879.0,The Silveri,POINT (113.940997 22.289916),22.289916,113.940997,hotel,0,,1,0
880.0,The St. Regis,POINT (114.174828 22.2801126),22.2801126,114.174828,hotel,0,,12,0
881.0,The Stellar Hotel & Serviced Apartments,POINT (114.1970129 22.2909942),22.2909942,114.1970129,hotel,0,,24,0
882.0,The University of Hong Kong,POINT (114.1365621 22.2830891),22.2830891,114.1365621,school,0,,11,0
883.0,The Westwood,POINT (114.1332523 22.284968),22.284968,114.1332523,shopping,0,,1,0
884.0,The one Lemon,POINT (114.115512 22.372073),22.372073,114.115512,dining,0,,1,0
885.0,Tian Tan Buddha,POINT (113.904984 22.2539847),22.2539847,113.904984,religion,0,,535,1
886.0,Times Square,POINT (114.1821136 22.278151),22.278151,114.1821136,shopping,0,,177,1
887.0,Tin Hau,POINT (114.1922382 22.2823972),22.2823972,114.1922382,area,0,,34,0
888.0,Tin Hau Station,POINT (114.1917258 22.2824215),22.2824215,114.1917258,transit,0,,4,0
889.0,Tin Hau Temple,POINT (114.1992577 22.2877547),22.2877547,114.1992577,religion,0,,1,0
890.0,Tin Hau and Kwun Yum Statues,POINT (114.1984816 22.2347685),22.2347685,114.1984816,religion,0,,2,0
891.0,TinTinPhoto,POINT (114.209809 22.219471),22.219471,114.209809,shopping,0,,1,0
892.0,Ting Kau Bridge,POINT (114.0803834 22.3631241),22.3631241,114.0803834,city,0,,1,0
893.0,To Kwa Wan,POINT (114.1879691 22.3173373),22.3173373,114.1879691,area,0,,19,0
894.0,To Tei Wan,POINT (114.2344354 22.2272762),22.2272762,114.2344354,natural,0,,1,0
895.0,Tokio Joe,POINT (114.155435 22.280506),22.280506,114.155435,dining,0,,2,0
896.0,Tommy Yummy,POINT (114.1544556 22.2829196),22.2829196,114.1544556,dining,0,,1,0
897.0,Tomorrowland,POINT (114.0418622 22.3132677),22.3132677,114.0418622,entertainment,0,,106,1
898.0,Toy Story Land,POINT (114.0396959 22.3103855),22.3103855,114.0396959,entertainment,0,,153,1
899.0,Tram View Café,POINT (114.1582721 22.2767297),22.2767297,114.1582721,dining,0,,26,0
900.0,Transformers The Ark,POINT (114.1821856 22.2787813),22.2787813,114.1821856,dining,0,,9,0
901.0,Travelodge Kowloon,POINT (114.1723144 22.3069602),22.3069602,114.1723144,hotel,0,,12,0
902.0,Triangle St,POINT (114.1744657 22.2762408),22.2762408,114.1744657,city,0,,3,0
904.0,Tseung Kwan O,POINT (114.2635572 22.3089111),22.3089111,114.2635572,area,0,,3,0
905.0,Tsim Chai Kee Noodle,POINT (114.1544898 22.2829866),22.2829866,114.1544898,dining,0,,28,0
906.0,Tsim Chai Kee Noodles,POINT (114.1639445 22.3210377),22.3210377,114.1639445,dining,0,,3,0
907.0,Tsim Sha Tsui,POINT (114.1721746 22.2988123),22.2988123,114.1721746,area,0,,1529,1
908.0,Tsim Sha Tsui Fire Station,POINT (114.1676695 22.3012224),22.3012224,114.1676695,city,0,,1,0
910.0,Tsim Sha Tsui Promenade,POINT (114.1783517 22.2972721),22.2972721,114.1783517,city,0,,30,0
911.0,Tsim Sha Tsui Star Ferry Pier,POINT (114.1682268 22.29381),22.29381,114.1682268,transit,0,,1,0
912.0,Tsim Sha Tsui Station,POINT (114.1721665 22.2977271),22.2977271,114.1721665,transit,0,,64,0
913.0,Tsing Ma Bridge,POINT (114.0733443 22.3511503),22.3511503,114.0733443,city,0,,473,1
914.0,Tsing Yi,POINT (114.1023164 22.3474872),22.3474872,114.1023164,natural,0,,81,0
915.0,Tsing Yi Station,POINT (114.107672 22.3584978),22.3584978,114.107672,transit,0,,30,0
916.0,Tsuen Wan,POINT (114.1144306 22.3699122),22.3699122,114.1144306,area,0,,100,1
917.0,Tsuen Wan Park,POINT (114.1113571 22.3672211),22.3672211,114.1113571,city,0,,4,0
918.0,Tsuen Wan Station,POINT (114.1177168 22.3736788),22.3736788,114.1177168,transit,0,,7,0
919.0,Tsuen Wan West Station,POINT (114.109705 22.3684317),22.3684317,114.109705,transit,0,,14,0
920.0,Tsui Wan,POINT (114.2405715 22.2677381),22.2677381,114.2405715,area,0,,1,0
921.0,Tsz Shan Monastery,POINT (114.205792 22.474148),22.474148,114.205792,religion,0,,307,1
922.0,Tsz Wan Shan,POINT (114.200412 22.3515518),22.3515518,114.200412,area,0,,13,0
923.0,Tuen Mun,POINT (113.9725126 22.3908295),22.3908295,113.9725126,area,0,,10,0
925.0,Tung Chung,POINT (113.9425086 22.2873743),22.2873743,113.9425086,area,0,,98,0
926.0,Tung Chung Bay,POINT (113.9319781 22.285858),22.285858,113.9319781,natural,0,,4,0
927.0,Tung Chung Development Pier,POINT (113.9403955 22.2942958),22.2942958,113.9403955,transit,0,,1,0
928.0,Tung Chung Kitchen,POINT (113.9461241 22.2954936),22.2954936,113.9461241,dining,0,,1,0
929.0,Tung Chung Station,POINT (113.9412863 22.2891835),22.2891835,113.9412863,transit,0,,64,0
930.0,Tung Lung Chau,POINT (114.2895708 22.2482026),22.2482026,114.2895708,natural,0,,18,0
931.0,Tung Ping Chau,POINT (114.4353453 22.5407579),22.5407579,114.4353453,natural,0,,8,0
932.0,Tung Sing House,POINT (114.2301801 22.2790706),22.2790706,114.2301801,city,0,,2,0
933.0,Tung Tat,POINT (114.1708549 22.3138452),22.3138452,114.1708549,dining,0,,7,0
934.0,Tung Wan Beach,POINT (114.0299387 22.2104191),22.2104191,114.0299387,natural,0,,1,0
936.0,Two MacDonnell Road,POINT (114.155527 22.2762116),22.2762116,114.155527,hotel,0,,1,0
937.0,Under Bridge Spicy Crab,POINT (114.1800335 22.2797227),22.2797227,114.1800335,dining,0,,3,0
938.0,Underpass Restaurant & Bar,POINT (114.1923943 22.2846423),22.2846423,114.1923943,dining,0,,5,0
939.0,Upper Lascar Row,POINT (114.1496663 22.2848892),22.2848892,114.1496663,shopping,0,,6,0
940.0,Urban Coffee Roaster,POINT (114.1857915 22.2819838),22.2819838,114.1857915,dining,0,,9,0
941.0,Urban Pack Hostel,POINT (114.1719556 22.2980069),22.2980069,114.1719556,hotel,0,,2,0
942.0,Valley Centre,POINT (114.1800161 22.2759492),22.2759492,114.1800161,city,0,,1,0
943.0,Victoria Dockside,POINT (114.1746274 22.2943418),22.2943418,114.1746274,city,0,,15,0
944.0,Victoria Harbour,POINT (114.167710150583 22.3074457936953),22.30744579,114.1677102,city,0,,3752,1
945.0,Victoria Park,POINT (114.1886969 22.2823565),22.2823565,114.1886969,city,0,,108,1
946.0,Victoria Peak,POINT (114.145532 22.2758835),22.2758835,114.145532,city,0,,3963,1
947.0,Victoria Peak Garden,POINT (114.1440778 22.274287),22.274287,114.1440778,city,0,,7,0
948.0,Victoria Peak's Lions Pavilion,POINT (114.1507897 22.2709398),22.2709398,114.1507897,city,0,,1,0
949.0,Victoria Prison,POINT (114.1537198 22.2809373),22.2809373,114.1537198,cultural,0,,22,0
950.0,Village Bakery,POINT (114.0011157 22.263876),22.263876,114.0011157,dining,0,,1,0
951.0,Villepin,POINT (114.1531548 22.2828227),22.2828227,114.1531548,cultural,0,,16,0
953.0,Vission Bakery,POINT (114.1531348 22.2818843),22.2818843,114.1531348,dining,0,,151,1
954.0,Vivienne Westwood Café,POINT (114.1854572 22.2808126),22.2808126,114.1854572,dining,0,,5,0
956.0,Wah Heung Yuen,POINT (114.170112 22.297545),22.297545,114.170112,dining,0,,16,0
957.0,Wah Lok Café,POINT (114.1494923 22.285196),22.285196,114.1494923,dining,0,,2,0
958.0,Wah Tao Seafood Restaurant,POINT (113.9347408 22.2861167),22.2861167,113.9347408,dining,0,,3,0
959.0,Wai Kee,POINT (114.1633944 22.3316222),22.3316222,114.1633944,dining,0,,4,0
960.0,Wai Kee Halal restaurant,POINT (114.1805467 22.2781263),22.2781263,114.1805467,dining,0,,22,0
961.0,Wai Shing Bakery,POINT (114.1680565 22.448821),22.448821,114.1680565,dining,0,,5,0
962.0,Walking With Buddha,POINT (113.902991 22.256406),22.256406,113.902991,shopping,0,,4,0
963.0,Walt's Café,POINT (114.044302 22.307946),22.307946,114.044302,dining,0,,6,0
964.0,Wan Chai,POINT (114.1751471 22.276022),22.276022,114.1751471,area,0,,297,1
965.0,Wan Chai Computer Centre,POINT (114.1731214 22.2772562),22.2772562,114.1731214,shopping,0,,1,0
966.0,Wan Chai Market,POINT (114.1737073 22.2750716),22.2750716,114.1737073,shopping,0,,12,0
967.0,Wan Chai Rd,POINT (114.1769649 22.2770532),22.2770532,114.1769649,city,0,,3,0
968.0,Wan Chai Station,POINT (114.1731527 22.2775487),22.2775487,114.1731527,transit,0,,22,0
969.0,Wanchai House,POINT (114.1743357 22.2760209),22.2760209,114.1743357,city,0,,1,0
970.0,Wang Fat Roasted Goose Restaurant,POINT (114.1538166 22.2845205),22.2845205,114.1538166,dining,0,,2,0
971.0,Waso Café,POINT (114.172919 22.299445),22.299445,114.172919,dining,0,,7,0
972.0,Water World,POINT (114.1680503 22.2355883),22.2355883,114.1680503,entertainment,0,,12,0
973.0,Wellington St,POINT (114.1544719 22.2830956),22.2830956,114.1544719,city,0,,16,0
974.0,Wesleyan House,POINT (114.175008 22.2742973),22.2742973,114.175008,religion,0,,1,0
975.0,West Kowloon,POINT (114.1602846 22.3034757),22.3034757,114.1602846,area,0,,78,0
976.0,West Kowloon Art Park,POINT (114.1551603 22.2991007),22.2991007,114.1551603,cultural,0,,24,0
977.0,West Kowloon Cultural District,POINT (114.1559029 22.3002469),22.3002469,114.1559029,cultural,0,,73,0
978.0,West Kowloon Terminus,POINT (114.1646356 22.3042928),22.3042928,114.1646356,transit,0,,2,0
979.0,Western Market,POINT (114.150392 22.287287),22.287287,114.150392,cultural,0,,30,0
980.0,Whampoa,POINT (114.18955 22.30503),22.30503,114.18955,area,0,,23,0
981.0,Whampoa Station,POINT (114.190194 22.304703),22.304703,114.190194,transit,0,,3,0
982.0,Wharf T & T Centre,POINT (114.1686482 22.2970382),22.2970382,114.1686482,shopping,0,,1,0
983.0,Wharney Hotel,POINT (114.1711064 22.2783586),22.2783586,114.1711064,hotel,0,,1,0
984.0,Wing Fat Seafood Restaurant,POINT (114.1703954 22.3077189),22.3077189,114.1703954,dining,0,,2,0
985.0,Wing Hap Lung Restaurant,POINT (114.1677378 22.3245538),22.3245538,114.1677378,dining,0,,1,0
987.0,Wing Ning St,POINT (114.1798112 22.2776553),22.2776553,114.1798112,city,0,,1,0
988.0,Wisdom Path,POINT (113.9119621 22.2525),22.2525,113.9119621,outdoor,0,,2,0
989.0,Wo Foo Commercial Building,POINT (114.1704383 22.3151964),22.3151964,114.1704383,city,0,,3,0
990.0,Wo Yick Mansion,POINT (114.1432192 22.2870426),22.2870426,114.1432192,city,0,,1,0
991.0,Wong Chuk Hang,POINT (114.1664957 22.2459198),22.2459198,114.1664957,area,0,,10,0
992.0,Wong Tai Sin,POINT (114.1974398 22.3548115),22.3548115,114.1974398,area,0,,45,0
993.0,Wong Tai Sin Plaza,POINT (114.1925768 22.3420752),22.3420752,114.1925768,shopping,0,,1,0
994.0,Wong Tai Sin Station,POINT (114.19385 22.34166),22.34166,114.19385,transit,0,,6,0
995.0,Wong Tai Sin Temple,POINT (114.1932582 22.3427257),22.3427257,114.1932582,religion,0,,435,1
996.0,Wong Wing Kee,POINT (114.151928 22.2848727),22.2848727,114.151928,dining,0,,1,0
997.0,Woo Cheong Tea House,POINT (114.1714565 22.2763125),22.2763125,114.1714565,dining,0,,1,0
998.0,Wood Rd,POINT (114.1771118 22.2764794),22.2764794,114.1771118,city,0,,3,0
999.0,Woosung St,POINT (114.17032 22.3059889),22.3059889,114.17032,city,0,,3,0
1000.0,Woosung Street Temporary Cooked Food Hawker Bazaar,POINT (114.170534 22.3077115),22.3077115,114.170534,shopping,0,,3,0
1001.0,World Trade Centre,POINT (114.1842189 22.2815279),22.2815279,114.1842189,city,0,,5,0
1002.0,World of Color Restaurant,POINT (114.0386538 22.3082726),22.3082726,114.0386538,dining,0,,2,0
1003.0,World of Frozen,POINT (114.0388401 22.31241),22.31241,114.0388401,entertainment,0,,407,1
1004.0,Wu Zhi Jian Beef Noodles,POINT (114.1773507 22.2779191),22.2779191,114.1773507,dining,0,,8,0
1005.0,Wycombe Abbey School,POINT (114.1496736 22.2510891),22.2510891,114.1496736,school,0,,1,0
1006.0,Xi Hotel,POINT (114.1741571 22.2969076),22.2969076,114.1741571,hotel,0,,12,0
1007.0,Xiqu Centre,POINT (114.1672715 22.3021749),22.3021749,114.1672715,cultural,0,,5,0
1008.0,YOHO MALL,POINT (114.0353169 22.445713),22.445713,114.0353169,shopping,0,,3,0
1009.0,Yan Ching St,POINT (113.9753053 22.3956924),22.3956924,113.9753053,city,0,,1,0
1010.0,Yat Lok Restaurant,POINT (114.1552917 22.2824828),22.2824828,114.1552917,dining,0,,102,1
1011.0,Yat Tung Heen,POINT (114.1717085 22.3080401),22.3080401,114.1717085,dining,0,,26,0
1012.0,Yau Kom Tau Village,POINT (114.097113 22.372987),22.372987,114.097113,cultural,0,,1,0
1013.0,Yau Ma Tei,POINT (114.1714423 22.3068537),22.3068537,114.1714423,area,0,,130,1
1014.0,Yau Ma Tei Jade Hawker Bazaar,POINT (114.1699319 22.3092599),22.3092599,114.1699319,shopping,0,,4,0
1015.0,Yau Ma Tei Police Station,POINT (114.1660641 22.3102619),22.3102619,114.1660641,cultural,0,,2,0
1016.0,Yau Ma Tei Station,POINT (114.17068 22.31283),22.31283,114.17068,transit,0,,22,0
1017.0,Yau Tong,POINT (114.2375638 22.2940736),22.2940736,114.2375638,area,0,,9,0
1018.0,Yau Tsim Mong District,POINT (114.1706884 22.3116028),22.3116028,114.1706884,area,0,,3,0
1020.0,Yaumatei Tin Hau Temple,POINT (114.1927491 22.2821859),22.2821859,114.1927491,religion,0,,6,0
1021.0,Yee Shun Milk Company,POINT (114.1833108 22.2805578),22.2805578,114.1833108,dining,0,,14,0
1022.0,Yee Wo St,POINT (114.1859858 22.2797838),22.2797838,114.1859858,city,0,,15,0
1023.0,Yifang Taiwan Fruit Tea,POINT (114.1992848 22.2924735),22.2924735,114.1992848,dining,0,,2,0
1024.0,Yim Tin Tsai,POINT (114.3 22.3833333),22.3833333,114.3,area,0,,2,0
1025.0,Ying Kee Noodle,POINT (114.1423856 22.2850886),22.2850886,114.1423856,dining,0,,14,0
1026.0,Yip Fung Building,POINT (114.1250773 22.3558536),22.3558536,114.1250773,city,0,,1,0
1028.0,Yoshinoya,POINT (114.1154544 22.372473),22.372473,114.1154544,dining,0,,5,0
1030.0,Yue Po Chai Antique Co.,POINT (114.1499524 22.2841874),22.2841874,114.1499524,shopping,0,,7,0
1031.0,Yuen Ching Kok (Wong Tai Sin),POINT (114.152743 22.342849),22.342849,114.152743,religion,0,,5,0
1032.0,Yuen Long,POINT (114.0222076 22.4445376),22.4445376,114.0222076,area,0,,35,0
1033.0,Yuen Long Park,POINT (114.0187843 22.4417892),22.4417892,114.0187843,city,0,,6,0
1034.0,Yuen Long Theatre,POINT (114.0229416 22.4415016),22.4415016,114.0229416,cultural,0,,1,0
1035.0,Yuen Po Street Bird Garden,POINT (114.1739511 22.3259661),22.3259661,114.1739511,city,0,,12,0
1036.0,Yun Ping Rd,POINT (114.1851286 22.2787687),22.2787687,114.1851286,city,0,,9,0
1037.0,Yung Kee Restaurant,POINT (114.1555671 22.2815799),22.2815799,114.1555671,dining,0,,9,0
1038.0,Yung Kee Roast Goose Restaurant,POINT (114.1735111 22.3008593),22.3008593,114.1735111,dining,0,,3,0
1039.0,Yung Shue Wan,POINT (114.1046947 22.2262161),22.2262161,114.1046947,natural,0,,5,0
1040.0,Yung Shue Wan Main St,POINT (114.1113144 22.2246861),22.2246861,114.1113144,city,0,,1,0
1042.0,iSQUARE,POINT (114.1718959 22.297025),22.297025,114.1718959,shopping,0,,156,1
1043.0,iclub Wan Chai Hotel,POINT (114.175878 22.277444),22.277444,114.175878,hotel,0,,2,0
1044.0,ifc mall,POINT (114.158131 22.28588),22.28588,114.158131,shopping,0,,31,0
1045.0,堅強貿易行,POINT (114.167099 22.315986),22.315986,114.167099,dining,0,,2,0
1046.0,富華麵包餅店,POINT (114.1647399 22.3200949),22.3200949,114.1647399,dining,0,,1,0
1047.0,東豪肉食公司,POINT (114.1741598 22.2757086),22.2757086,114.1741598,shopping,0,,1,0
1048.0,永佳餅店,POINT (114.0286798 22.2087695),22.2087695,114.0286798,dining,0,,1,0
1049.0,灣仔順記,POINT (114.175035 22.2766526),22.2766526,114.175035,dining,0,,2,0
1050.0,金苑粉麵,POINT (114.1899526 22.3163821),22.3163821,114.1899526,dining,0,,2,0
1051.0,阿四快餐,POINT (114.1714699 22.2974087),22.2974087,114.1714699,dining,0,,3,0
1052.0,香港魚蛋皇,POINT (114.1778292 22.278488),22.278488,114.1778292,dining,0,,2,0
