video_date,video_n,journey_n,avg_journey_sentiment,avg_journey_sentiment_frame,avg_stops_per_journey,total_stop_n,unique_poi_n,avg_stop_sentiment,total_edge_n
2016-02-28,3,3,0.9265236688984765,0.9265236688984765,1.6666666666666667,5,4,0.9178640425205231,2
2019-09-25,1,1,0.9211407750844955,0.9278486967086792,2.0,2,2,0.9211407750844955,1
2019-10-11,1,1,0.9582765102386475,0.9582765102386475,1.0,1,1,0.9582765102386475,0
2020-01-11,1,1,0.06085970997810364,0.06085970997810364,1.0,1,1,0.06085970997810364,0
2020-05-04,1,1,0.634063646197319,0.634063646197319,2.0,2,2,0.634063646197319,1
2020-05-22,1,1,0.9229393601417542,0.9229393601417542,1.0,1,1,0.9229393601417542,0
2020-05-27,1,1,0.6018480062484741,0.6018480062484741,1.0,1,1,0.6018480062484741,0
2020-06-05,1,1,0.8346485793590546,0.8346485793590546,4.0,4,3,0.8346485793590546,3
2020-08-14,1,1,0.9001827239990234,0.9001827239990234,2.0,2,2,0.9001827239990234,1
2021-01-24,1,1,0.05885057523846626,0.05885057523846626,1.0,1,1,0.05885057523846626,0
2021-04-16,1,1,0.9643622040748596,0.9643622040748596,1.0,1,1,0.9643622040748596,0
2021-05-03,1,1,0.7888133823871613,0.7888133823871613,1.0,1,1,0.7888133823871613,0
2021-05-26,1,1,0.887228935956955,0.887228935956955,2.0,2,2,0.887228935956955,1
2021-08-09,2,2,0.7709312736988068,0.7709312736988068,1.0,2,2,0.7709312736988068,0
2021-08-17,1,1,0.9175731976826985,0.9175731976826985,1.0,1,1,0.9175731976826985,0
2021-09-26,1,1,0.911026656627655,0.911026656627655,1.0,1,1,0.911026656627655,0
2021-10-16,1,1,0.889679491519928,0.889679491519928,1.0,1,1,0.889679491519928,0
2021-11-28,1,1,0.9440873861312866,0.9440873861312866,1.0,1,1,0.9440873861312866,0
2021-12-15,1,1,0.8460379838943481,0.8460379838943481,1.0,1,1,0.8460379838943481,0
2022-01-25,2,2,0.8044129833579063,0.8006135761737824,2.5,5,3,0.7918690919876099,3
2022-02-20,1,1,0.9150511503219605,0.8876278570720127,5.0,5,5,0.9150511503219605,4
2022-03-25,1,1,0.8918034061789513,0.9026078939437866,4.0,4,4,0.8918034061789513,3
2022-04-01,1,1,0.54328653216362,0.54328653216362,2.0,2,2,0.54328653216362,1
2022-04-07,1,1,0.8935832579930624,0.8935832579930624,1.0,1,1,0.8935832579930624,0
2022-06-01,1,1,0.7840301394462585,0.7840301394462585,1.0,1,1,0.7840301394462585,0
2022-06-15,1,1,0.5526328049600124,0.5526328049600124,4.0,4,4,0.5526328049600124,3
2022-06-22,2,2,0.43972555864602325,0.44381420436100316,5.5,11,9,0.7805868016386573,9
2022-07-08,1,1,0.835559219121933,0.835559219121933,1.0,1,1,0.835559219121933,0
2022-07-09,1,1,0.9424581527709961,0.9424581527709961,1.0,1,1,0.9424581527709961,0
2022-07-10,1,1,0.49331989139318466,0.49331989139318466,1.0,1,1,0.49331989139318466,0
2022-07-11,2,2,0.6843731813132763,0.7149832472205162,1.5,3,3,0.6520066211620966,1
2022-07-22,1,1,0.8260388953744301,0.7762635768158361,7.0,7,5,0.8260388953744301,6
2022-07-23,1,1,0.8859198689460754,0.8859198689460754,1.0,1,1,0.8859198689460754,0
2022-07-28,1,1,0.32329532504081726,0.32329532504081726,1.0,1,1,0.32329532504081726,0
2022-08-06,1,1,0.9377347793844011,0.9377347793844011,1.0,1,1,0.9377347793844011,0
2022-08-17,1,1,0.8422892689704895,0.8422892689704895,1.0,1,1,0.8422892689704895,0
2022-08-18,1,1,0.34948723825315636,0.31037548650056124,3.0,3,3,0.34948723825315636,2
2022-08-28,1,1,0.8336505889892578,0.8336505889892578,1.0,1,1,0.8336505889892578,0
2022-09-04,1,1,0.913433387875557,0.9086651086807251,8.0,8,4,0.913433387875557,7
2022-09-18,1,1,0.8030843138694763,0.8030843138694763,2.0,2,2,0.8030843138694763,1
2022-09-19,1,1,0.893589973449707,0.893589973449707,1.0,1,1,0.893589973449707,0
2022-09-23,1,1,0.04052504152059555,0.04052504152059555,1.0,1,1,0.04052504152059555,0
2022-10-13,1,1,0.39587515592575073,0.39587515592575073,1.0,1,1,0.39587515592575073,0
2022-10-16,2,2,0.48199653439223766,0.48199653439223766,1.0,2,2,0.48199653439223766,0
2022-11-02,1,1,0.5461433591055018,0.5461433591055018,1.0,1,1,0.5461433591055018,0
2022-11-09,1,1,0.8893112000077963,0.8883137028468283,8.0,8,7,0.8893112000077963,7
2022-11-15,1,1,0.7314316034317017,0.7314316034317017,2.0,2,2,0.7314316034317017,1
2022-11-22,1,1,0.7977157433827718,0.7977157433827718,3.0,3,3,0.7977157433827718,2
2022-11-23,1,1,0.23868635296821594,0.23868635296821594,1.0,1,1,0.23868635296821594,0
2022-11-28,1,1,0.8593064546585083,0.8593064546585083,1.0,1,1,0.8593064546585083,0
2022-11-29,1,1,0.8700739741325378,0.8700739741325378,3.0,3,3,0.8700739741325378,2
2022-12-01,1,1,0.9579617977142334,0.9579617977142334,1.0,1,1,0.9579617977142334,0
2022-12-04,1,1,0.32038556784391403,0.32038556784391403,2.0,2,2,0.32038556784391403,1
2022-12-09,1,1,0.5804373994469643,0.5804373994469643,1.0,1,1,0.5804373994469643,0
2022-12-13,1,1,0.79277061091529,0.8175003781914711,15.0,15,9,0.79277061091529,14
2022-12-14,1,1,0.8023386985063553,0.8438507355749607,5.0,5,5,0.8023386985063553,4
2022-12-21,1,1,0.29189643263816833,0.29189643263816833,1.0,1,1,0.29189643263816833,0
2022-12-26,1,1,0.9275886416435242,0.9275886416435242,1.0,1,1,0.9275886416435242,0
2022-12-30,1,1,0.41696668465932213,0.397639744480451,9.0,9,4,0.41696668465932213,8
2023-01-04,1,1,0.9467708766460419,0.9467708766460419,1.0,1,1,0.9467708766460419,0
2023-01-07,1,1,0.7762835621833801,0.7762835621833801,1.0,1,1,0.7762835621833801,0
2023-01-13,2,2,0.742811749689281,0.742811749689281,2.5,5,5,0.7053038958460093,3
2023-01-14,1,1,0.6016047336161137,0.5729634668678045,3.0,3,3,0.6016047336161137,2
2023-01-15,4,4,0.6846582897473127,0.6790957308480782,2.5,10,8,0.716080803660055,6
2023-01-16,1,1,0.05835013464093208,0.05835013464093208,1.0,1,1,0.05835013464093208,0
2023-01-17,2,2,0.7208801575832897,0.8212377052658644,2.5,5,4,0.6813581285874049,3
2023-01-18,4,4,0.7450449033122923,0.758237850237399,2.75,11,10,0.6456638317216526,7
2023-01-20,2,2,0.8024313896894455,0.8024313896894455,1.5,3,2,0.7941021124521891,1
2023-01-22,2,2,0.38678683154284954,0.38678683154284954,1.5,3,3,0.2854231173793475,1
2023-01-23,1,1,0.7232078313827515,0.7232078313827515,1.0,1,1,0.7232078313827515,0
2023-01-26,1,1,0.5288511365652084,0.5288511365652084,1.0,1,1,0.5288511365652084,0
2023-01-28,2,2,0.7615901160092714,0.7941030919513044,3.0,6,4,0.7018670916311547,4
2023-01-29,1,1,0.9419023791948954,0.9419023791948954,1.0,1,1,0.9419023791948954,0
2023-01-31,1,1,0.4731158819049597,0.4731158819049597,2.0,2,2,0.4731158819049597,1
2023-02-01,1,1,0.7584661692380905,0.7305604020754496,2.0,2,2,0.7584661692380905,1
2023-02-02,1,1,0.8121916651725769,0.8121916651725769,1.0,1,1,0.8121916651725769,0
2023-02-03,1,1,0.03221463784575462,0.03221463784575462,1.0,1,1,0.03221463784575462,0
2023-02-05,1,1,0.9323285222053528,0.9323285222053528,1.0,1,1,0.9323285222053528,0
2023-02-06,3,3,0.7179275784227585,0.7177828758955002,1.3333333333333333,4,4,0.7050244150062402,1
2023-02-07,3,3,0.8096630970637003,0.8346617486741809,1.3333333333333333,4,3,0.7812233194708824,1
2023-02-09,1,1,0.8531130403280258,0.8531130403280258,1.0,1,1,0.8531130403280258,0
2023-02-11,4,4,0.698963130378933,0.6990379118563843,1.25,5,5,0.7539472181512604,1
2023-02-12,1,1,0.5511554479598999,0.5511554479598999,1.0,1,1,0.5511554479598999,0
2023-02-13,3,3,0.6303376880896868,0.6434173306657208,6.0,18,9,0.7006062901794362,15
2023-02-14,2,2,0.6952308143372647,0.6330402564878266,3.0,6,4,0.629435870408391,4
2023-02-15,2,2,0.8243032404118114,0.8464502921948831,2.0,4,4,0.784971750030915,2
2023-02-16,1,1,0.627512772878011,0.6576833724975586,2.0,2,2,0.627512772878011,1
2023-02-17,1,1,0.5627053815871477,0.5627053815871477,1.0,1,1,0.5627053815871477,0
2023-02-19,1,1,0.5430334185560545,0.675696574151516,6.0,6,5,0.5430334185560545,5
2023-02-20,1,1,0.36252912878990173,0.36252912878990173,1.0,1,1,0.36252912878990173,0
2023-02-21,3,3,0.7406089107195536,0.7406089107195536,1.3333333333333333,4,4,0.7629854828119278,1
2023-02-22,2,2,0.8311649908622105,0.8311649908622105,2.0,4,3,0.8079342171549797,2
2023-02-23,3,3,0.7107408554355303,0.67923768684268,4.0,12,11,0.7272772865990799,9
2023-02-24,3,3,0.6996190564499961,0.7176094452540079,2.0,6,6,0.7226608345905939,3
2023-02-25,6,6,0.5530025723781357,0.513028692355547,3.5,21,17,0.5430377133351132,15
2023-02-26,5,5,0.5653443827578493,0.6003729035312102,4.6,23,15,0.575117716384655,18
2023-02-27,5,5,0.7822235632510413,0.7937675457767078,4.2,21,19,0.7052163283030192,16
2023-02-28,4,4,0.7421039276638167,0.681156161862115,2.25,9,7,0.6395436926362315,5
2023-03-01,3,3,0.7332927103464802,0.7332927103464802,1.6666666666666667,5,4,0.7189319152384996,2
2023-03-02,1,1,0.8609627485275269,0.8609627485275269,1.0,1,1,0.8609627485275269,0
2023-03-03,3,3,0.782722489701377,0.8140297946002749,2.3333333333333335,7,7,0.7661832443305424,4
2023-03-04,3,3,0.7592583773312745,0.7842647788070497,1.6666666666666667,5,4,0.734264995654424,2
2023-03-05,2,2,0.5516664765076712,0.6751755994212414,4.5,9,9,0.5568410055711865,7
2023-03-06,4,4,0.909878545999527,0.909878545999527,1.0,4,4,0.909878545999527,0
2023-03-07,5,5,0.772354024897019,0.7760570499395567,4.0,20,17,0.7384567053367694,15
2023-03-08,2,2,0.4929873738437891,0.4929873738437891,1.0,2,2,0.4929873738437891,0
2023-03-09,7,7,0.6612336163244331,0.622800726887016,3.0,21,14,0.5141085692187202,14
2023-03-10,4,4,0.7165173919250567,0.7168166674673557,2.0,8,7,0.6522371483345827,4
2023-03-11,10,10,0.7218401361029182,0.7207712485641241,2.9,29,21,0.6930406546883885,19
2023-03-12,4,4,0.8313226342822115,0.8342717355117202,2.75,11,7,0.782260350883007,7
2023-03-13,3,3,0.7141664048856576,0.7731080586045792,13.0,39,24,0.7261443831727604,36
2023-03-14,5,5,0.6721365248577462,0.623318793947498,1.6,8,7,0.6369046612849666,3
2023-03-16,1,1,0.8905546532736884,0.8905546532736884,1.0,1,1,0.8905546532736884,0
2023-03-17,2,2,0.44927879236638546,0.44927879236638546,1.5,3,3,0.5803614494701227,1
2023-03-18,1,1,0.9137507677078247,0.9137507677078247,1.0,1,1,0.9137507677078247,0
2023-03-19,1,1,0.4893980994820595,0.4893980994820595,2.0,2,2,0.4893980994820595,1
2023-03-20,1,1,0.18756558373570442,0.18756558373570442,2.0,2,2,0.18756558373570442,1
2023-03-21,6,6,0.7006215180166894,0.6873247673735022,2.1666666666666665,13,10,0.7728832925645969,7
2023-03-22,3,3,0.8915612118111716,0.8875208364592658,2.0,6,6,0.8962853203217188,3
2023-03-23,2,2,0.8758156187832355,0.8758156187832355,1.5,3,3,0.8580631663401922,1
2023-03-24,2,2,0.7647489355877042,0.7647489355877042,2.5,5,4,0.6575816705822944,3
2023-03-25,1,1,0.43336720764636993,0.43336720764636993,2.0,2,2,0.43336720764636993,1
2023-03-26,1,1,0.7368915885213821,0.8444708660244942,7.0,7,7,0.7368915885213821,6
2023-03-27,6,6,0.6032587191871839,0.6096443083257811,1.6666666666666667,10,9,0.6440302745790946,4
2023-03-28,4,4,0.8482860281753044,0.8570550152411064,2.75,11,9,0.7551755237985741,7
2023-03-29,1,1,0.3536521904170513,0.3536521904170513,1.0,1,1,0.3536521904170513,0
2023-03-30,3,3,0.779312136745642,0.7696554140084318,3.0,9,5,0.6742038928248264,6
2023-03-31,3,3,0.8207189622852537,0.8159661882453495,2.6666666666666665,8,8,0.8074435268839201,5
2023-04-01,3,3,0.8952189882596334,0.8952189882596334,1.3333333333333333,4,4,0.8710232079029083,1
2023-04-02,9,9,0.7404678813864021,0.7419480499073621,5.888888888888889,53,33,0.6941354245872898,44
2023-04-03,2,2,0.3926840126514435,0.3926840126514435,1.5,3,3,0.43820836146672565,1
2023-04-04,3,3,0.5933486585248084,0.5774941679740709,2.3333333333333335,7,6,0.7625064263234334,4
2023-04-05,1,1,0.5304091399302706,0.4462084546685219,4.0,4,4,0.5304091399302706,3
2023-04-06,1,1,0.558790347725153,0.6019742966940006,5.0,5,5,0.558790347725153,4
2023-04-07,2,2,0.506669607013464,0.506669607013464,1.0,2,2,0.506669607013464,0
2023-04-08,4,4,0.5845985437432926,0.6023752926848829,1.75,7,6,0.5518217938286918,3
2023-04-09,2,2,0.8921119421720505,0.9147274540020869,1.5,3,3,0.8727433681488037,1
2023-04-10,8,8,0.6625992905348539,0.6532760608421262,4.125,33,23,0.7385342653970391,25
2023-04-11,1,1,0.7197202948853374,0.7594171613454819,8.0,8,8,0.7197202948853374,7
2023-04-12,4,4,0.6914942061994225,0.6914942061994225,2.25,9,9,0.6736839010069767,5
2023-04-13,2,2,0.6604231909538308,0.7641088026575744,2.5,5,5,0.6973166478176911,3
2023-04-14,1,1,0.38589930534362793,0.38589930534362793,1.0,1,1,0.38589930534362793,0
2023-04-15,1,1,0.7921044826507568,0.7921044826507568,1.0,1,1,0.7921044826507568,0
2023-04-16,3,3,0.4518405106805619,0.4319374766200781,3.6666666666666665,11,10,0.5557228096506812,8
2023-04-17,1,1,0.8577428390582403,0.8115754555910826,5.0,5,4,0.8577428390582403,4
2023-04-19,4,4,0.8626966268677886,0.8535220576683059,1.25,5,3,0.8642862173604469,1
2023-04-20,2,2,0.8595465411742529,0.8425583839416504,2.0,4,4,0.8051941439509391,2
2023-04-21,2,2,0.8172514736652374,0.8172514736652374,2.0,4,4,0.783581867814064,2
2023-04-22,3,3,0.4619004491492606,0.48191920039453756,6.0,18,13,0.6571664448994665,15
2023-04-23,5,5,0.6228528943657875,0.6363262897020294,2.2,11,11,0.6452759006258213,6
2023-04-24,1,1,0.6184567794203758,0.6091253863913673,2.0,2,2,0.6184567794203758,1
2023-04-25,1,1,0.8348017036914825,0.8348017036914825,1.0,1,1,0.8348017036914825,0
2023-04-26,1,1,0.9181123375892639,0.9181123375892639,2.0,2,2,0.9181123375892639,1
2023-04-27,3,3,0.8237772963389203,0.8061484901441468,2.6666666666666665,8,7,0.7542770986134807,5
2023-04-29,3,3,0.7211234693725904,0.7301671718557676,4.333333333333333,13,8,0.7932568146632268,10
2023-04-30,3,3,0.8520892434080856,0.852827808214482,3.0,9,8,0.7628862946055258,6
2023-05-01,6,6,0.4905431617999933,0.4973122192184545,3.3333333333333335,20,17,0.719167635597599,14
2023-05-02,4,4,0.6825861383396654,0.6825861383396654,3.5,14,9,0.7253742238997922,10
2023-05-03,4,4,0.6504944856472623,0.6888256868502746,3.75,15,13,0.6440526205839382,11
2023-05-04,4,4,0.8885248506611043,0.8885248506611043,1.25,5,4,0.8840601189569993,1
2023-05-05,3,3,0.7766064753962887,0.8141483249086322,2.6666666666666665,8,8,0.6880656072869897,5
2023-05-06,3,3,0.7497706636786461,0.723210773534245,1.6666666666666667,5,5,0.7120767265558243,2
2023-05-07,3,3,0.7427332551735971,0.7330736542534497,3.3333333333333335,10,8,0.7579042315793534,7
2023-05-08,1,1,0.6080443114042282,0.6080443114042282,5.0,5,5,0.6080443114042282,4
2023-05-09,1,1,0.846947987874349,0.846947987874349,3.0,3,3,0.846947987874349,2
2023-05-10,3,3,0.5625657683445348,0.546213020171438,3.6666666666666665,11,10,0.5969049964438785,8
2023-05-11,4,4,0.7522571635742983,0.7385106384754181,2.25,9,6,0.7136632472276687,5
2023-05-12,3,3,0.8667123979992337,0.8675317196618942,2.6666666666666665,8,7,0.9031606093049049,5
2023-05-14,2,2,0.7268136296242551,0.7564729440054208,3.5,7,6,0.5608338054011524,5
2023-05-15,5,5,0.7146933095411923,0.712653592900084,2.8,14,12,0.7780991179405212,9
2023-05-16,1,1,0.6645928621292114,0.6645928621292114,1.0,1,1,0.6645928621292114,0
2023-05-17,1,1,0.9307349324226379,0.9307349324226379,1.0,1,1,0.9307349324226379,0
2023-05-18,6,6,0.48758732341229916,0.48363306198237294,2.1666666666666665,13,8,0.5316817571337407,7
2023-05-19,2,2,0.5018154248181317,0.5354468436403708,3.5,7,6,0.5415782059232394,5
2023-05-20,3,3,0.7273612489243821,0.718908291310072,2.6666666666666665,8,6,0.6258430183488166,5
2023-05-21,1,1,0.7007732718872527,0.6929044802823374,16.0,16,15,0.7007732718872527,15
2023-05-22,2,2,0.6602967220935083,0.6885779585835397,5.0,10,9,0.6584045264869929,8
2023-05-23,3,3,0.5724211869312933,0.5632942379571689,4.333333333333333,13,10,0.7241623911958857,10
2023-05-24,6,6,0.5998962222683906,0.6003750576874828,4.166666666666667,25,22,0.6752229895318549,19
2023-05-25,1,1,0.8828045725822449,0.8828045725822449,1.0,1,1,0.8828045725822449,0
2023-05-26,1,1,0.8916475027799606,0.8916475027799606,1.0,1,1,0.8916475027799606,0
2023-05-27,2,2,0.06957434676587582,0.06957434676587582,1.0,2,2,0.06957434676587582,0
2023-05-28,4,4,0.9223955944180489,0.9223955944180489,1.25,5,3,0.9101158142089844,1
2023-05-29,2,2,0.7209348382258958,0.7209348382258958,1.5,3,3,0.6545125483111902,1
2023-05-30,3,3,0.7080697601799061,0.7275432465331896,2.6666666666666665,8,8,0.6998072808297972,5
2023-05-31,3,3,0.6026785925976813,0.6153327040374279,2.6666666666666665,8,7,0.6499492331141872,5
2023-06-01,2,2,0.8116171530314854,0.8091670274734497,4.5,9,9,0.8533685108025869,7
2023-06-02,2,2,0.9142996370792389,0.9142996370792389,1.0,2,2,0.9142996370792389,0
2023-06-03,3,3,0.5811189132786932,0.5923986530138386,3.6666666666666665,11,7,0.672993385849835,8
2023-06-04,5,5,0.8375837708512941,0.851140229039722,2.2,11,9,0.7779868832140259,6
2023-06-05,2,2,0.5528490499420851,0.5404448259478578,7.0,14,9,0.46856865317871177,12
2023-06-06,1,1,0.6408386158623866,0.7505596627348236,7.0,7,7,0.6408386158623866,6
2023-06-07,6,6,0.8607699329654376,0.8567141870657603,1.8333333333333333,11,10,0.8594537241892382,5
2023-06-08,2,2,0.058098314329981804,0.058098314329981804,1.0,2,2,0.058098314329981804,0
2023-06-09,3,3,0.6088586846987406,0.6088586846987406,1.3333333333333333,4,4,0.6206766441464424,1
2023-06-10,2,2,0.8857429611186187,0.8897723406553268,3.5,7,6,0.8804955801793507,5
2023-06-11,4,4,0.6691223840332694,0.6698245098485667,5.0,20,18,0.740620885292689,16
2023-06-13,3,3,0.5441999728480975,0.5441999728480975,1.0,3,2,0.5441999728480975,0
2023-06-14,5,5,0.7926303531229496,0.7826407261405672,3.0,15,8,0.7245023927754826,10
2023-06-15,3,3,0.6044951440943849,0.6044951440943849,2.6666666666666665,8,7,0.6683553207188934,5
2023-06-16,3,3,0.6302913028078202,0.6302913028078202,1.0,3,3,0.6302913028078202,0
2023-06-17,1,1,0.6118793860077858,0.6118793860077858,4.0,4,4,0.6118793860077858,3
2023-06-18,2,2,0.5455674007534981,0.5455674007534981,1.0,2,2,0.5455674007534981,0
2023-06-19,2,2,0.7083423733711243,0.7083423733711243,3.0,6,3,0.8445884188016256,4
2023-06-20,2,2,0.4927009938595196,0.4790025325802465,3.5,7,7,0.5142147129933748,5
2023-06-21,1,1,0.7583950928279332,0.7583950928279332,7.0,7,6,0.7583950928279332,6
2023-06-22,3,3,0.6538651370716215,0.7070649759185436,1.6666666666666667,5,4,0.6136476226376765,2
2023-06-23,2,2,0.8716028966009617,0.8900178984245833,5.5,11,10,0.8588829683986577,9
2023-06-25,3,3,0.782733663668235,0.7975351600310742,3.3333333333333335,10,8,0.7572492161393166,7
2023-06-26,1,1,0.863661378622055,0.863661378622055,1.0,1,1,0.863661378622055,0
2023-06-27,2,2,0.31957296896725895,0.34559256574985653,6.0,12,11,0.334430740835766,10
2023-06-28,1,1,0.9538843631744385,0.9538843631744385,1.0,1,1,0.9538843631744385,0
2023-06-29,2,2,0.3668291727080941,0.3668291727080941,1.5,3,3,0.330388804897666,1
2023-06-30,1,1,0.9079188108444214,0.9079188108444214,1.0,1,1,0.9079188108444214,0
2023-07-02,3,3,0.7947727021498557,0.7969450169139437,5.0,15,9,0.8300721267859141,12
2023-07-03,2,2,0.6496503935712907,0.673918148657928,3.0,6,5,0.6496503935712907,4
2023-07-04,3,3,0.9303227039536944,0.9373527822395166,3.6666666666666665,11,5,0.9163867956347237,8
2023-07-05,3,3,0.39331509602359604,0.4082882378826893,2.0,6,5,0.49237897849848705,3
2023-07-06,4,4,0.5500186864441882,0.5737271649685378,4.25,17,15,0.6684946190821481,13
2023-07-07,2,2,0.5877495602859806,0.6138698952272534,1.5,3,3,0.4617236648789711,1
2023-07-08,4,4,0.6486407537013292,0.6486407537013292,2.0,8,7,0.6062086056917906,4
2023-07-09,2,2,0.34181960330655176,0.30843978794291615,2.0,4,3,0.34181960330655176,2
2023-07-10,2,2,0.6929753422737122,0.7664807637532551,2.5,5,5,0.6861055493354797,3
2023-07-11,3,3,0.7402440073589484,0.7188079406817754,3.0,9,7,0.6954600297742419,6
2023-07-12,5,5,0.6916847890863816,0.6936229541897774,1.2,6,6,0.6051173609577948,1
2023-07-13,3,3,0.8297927859756681,0.8297927859756681,2.3333333333333335,7,5,0.804918674486024,4
2023-07-14,4,4,0.6349645098671317,0.6349645098671317,2.0,8,5,0.4424598882906139,4
2023-07-15,6,6,0.5853888466126389,0.5941181263327598,4.166666666666667,25,24,0.6767840677499771,19
2023-07-16,3,3,0.7916302780310313,0.7916302780310313,1.3333333333333333,4,3,0.7536257281899452,1
2023-07-17,1,1,0.5378437495479981,0.4873724389821291,6.0,6,6,0.5378437495479981,5
2023-07-18,3,3,0.8857104689986617,0.8973123311996459,1.6666666666666667,5,5,0.8701078494389852,2
2023-07-19,1,1,0.8869915008544922,0.8869915008544922,2.0,2,2,0.8869915008544922,1
2023-07-20,2,2,0.48078599851578474,0.5042553807143122,3.5,7,7,0.6839270064873355,5
2023-07-21,2,2,0.7602580443024636,0.7586732277503381,4.0,8,8,0.8086534757167101,6
2023-07-22,2,2,0.8009294827126894,0.8133518148375594,2.0,4,3,0.7423779903864017,2
2023-07-23,5,5,0.6718866478403409,0.682735333442688,2.6,13,12,0.6340258257511334,8
2023-07-24,5,5,0.8571842530038621,0.8571842530038621,2.8,14,14,0.7809181196349008,9
2023-07-25,6,6,0.6743380823417714,0.6885076039715817,1.3333333333333333,8,5,0.6373057904604235,2
2023-07-26,1,1,0.7291500597660031,0.7291500597660031,1.0,1,1,0.7291500597660031,0
2023-07-27,3,3,0.7299156569205619,0.6880903110290552,5.666666666666667,17,8,0.7527397671657032,14
2023-07-28,3,3,0.715750091528106,0.7265253447824054,3.3333333333333335,10,10,0.5253976084912817,7
2023-07-29,3,3,0.7845700369798578,0.7634671031135238,2.0,6,4,0.7363492447184399,3
2023-07-30,1,1,0.35840975244839984,0.35840975244839984,3.0,3,3,0.35840975244839984,2
2023-07-31,5,5,0.8489564272155985,0.8369443687106365,3.2,16,11,0.8646842359739821,11
2023-08-01,4,4,0.7169910377512375,0.7169910377512375,1.75,7,3,0.8056337141564914,3
2023-08-02,1,1,0.9537531733512878,0.9537531733512878,1.0,1,1,0.9537531733512878,0
2023-08-03,3,3,0.7080585158740481,0.7080585158740481,3.0,9,9,0.6902941991057661,6
2023-08-04,2,2,0.6435628997782866,0.6587278753519058,4.0,8,7,0.6424776753410697,6
2023-08-05,5,5,0.4551473706960678,0.44887127590676146,1.8,9,6,0.3987813162168971,4
2023-08-06,3,3,0.6881375774672186,0.6398537331985102,2.6666666666666665,8,8,0.6910060447019836,5
2023-08-07,3,3,0.38639084410129315,0.4392135970432449,2.3333333333333335,7,7,0.3723025542373458,4
2023-08-08,6,6,0.7451525870710611,0.7417016178369522,2.5,15,14,0.7688070615132649,9
2023-08-09,2,2,0.7717988744603865,0.789619057767448,10.5,21,18,0.7711658033113631,19
2023-08-10,5,5,0.7130203112959862,0.7130203112959862,1.2,6,4,0.7059728788832823,1
2023-08-12,2,2,0.7227816481276282,0.8309375376751026,2.0,4,3,0.6002520370807144,2
2023-08-13,2,2,0.38697607908397913,0.3738083891062574,4.5,9,9,0.6738161326696476,7
2023-08-14,4,4,0.8312403570860625,0.8312403570860625,1.75,7,7,0.6966328254767827,3
2023-08-15,4,4,0.6866445113594334,0.6995314806699753,1.5,6,5,0.6627999107870791,2
2023-08-16,1,1,0.5676870346069336,0.5676870346069336,3.0,3,3,0.5676870346069336,2
2023-08-17,2,2,0.9069418216293508,0.9061274528503418,6.0,12,10,0.926919254163901,10
2023-08-18,6,6,0.577573478842775,0.5828564181569077,2.8333333333333335,17,16,0.6906706975663409,11
2023-08-19,4,4,0.7134042249526829,0.7134042249526829,1.75,7,7,0.6769724251436335,3
2023-08-20,2,2,0.7771705836057663,0.7771705836057663,1.0,2,2,0.7771705836057663,0
2023-08-21,3,3,0.706104289326403,0.728797005282508,2.0,6,6,0.673826412194305,3
2023-08-22,6,6,0.6320292871859339,0.6438457027077674,1.3333333333333333,8,7,0.6487614093969266,2
2023-08-23,7,7,0.6044870551470872,0.5955533033871389,2.0,14,10,0.594862103585031,7
2023-08-24,6,6,0.6218961610010377,0.6169030887195496,1.6666666666666667,10,10,0.525129388562507,4
2023-08-25,4,4,0.5544100184208498,0.5511785174477035,4.75,19,9,0.6082447332967269,15
2023-08-26,6,6,0.7144424272183744,0.7108339525034858,1.8333333333333333,11,10,0.6065870881588622,5
2023-08-27,8,8,0.6775671827959278,0.7009852609630408,5.0,40,31,0.6102427680439062,32
2023-08-29,4,4,0.7593061443961536,0.7320310879967756,5.75,23,20,0.5756124956330851,19
2023-08-30,3,3,0.4598501722017924,0.4598501722017924,1.3333333333333333,4,4,0.46576084941625595,1
2023-08-31,4,4,0.7625640369175624,0.7426120370759496,4.5,18,17,0.7961043531799482,14
2023-09-01,3,3,0.7912679968608751,0.8041391654147042,4.333333333333333,13,11,0.7398466083865899,10
2023-09-02,5,5,0.587255818367241,0.6053667173720896,3.6,18,14,0.6251594635643183,13
2023-09-03,4,4,0.8315607149124844,0.8372273818871084,2.75,11,8,0.8465180135575462,7
2023-09-04,1,1,0.3993971471985181,0.3993971471985181,1.0,1,1,0.3993971471985181,0
2023-09-05,4,4,0.8071502099434534,0.8009520620107651,2.75,11,9,0.790519042448564,7
2023-09-06,4,4,0.7527287323027849,0.7539357797553142,1.5,6,6,0.8213750260571638,2
2023-09-07,3,3,0.4392770417034626,0.4392770417034626,1.0,3,3,0.4392770417034626,0
2023-09-08,1,1,0.6442836001515388,0.6932702679187059,5.0,5,4,0.6442836001515388,4
2023-09-09,3,3,0.8263643514364958,0.8551305005395854,5.0,15,14,0.8193506863382127,12
2023-09-10,4,4,0.7074557337909937,0.7074557337909937,1.75,7,6,0.6843468440430505,3
2023-09-12,6,6,0.7000305176609092,0.7000305176609092,1.6666666666666667,10,7,0.6337795354425907,4
2023-09-13,4,4,0.6454645882909879,0.6596578567435867,4.75,19,14,0.5755578298938641,15
2023-09-14,2,2,0.7246143125618497,0.7075502190738916,1.5,3,2,0.735732353809807,1
2023-09-15,2,2,0.6924002335523256,0.7443252654480083,6.0,12,8,0.6747279649548646,10
2023-09-16,1,1,0.6605733186006546,0.6605733186006546,5.0,5,4,0.6605733186006546,4
2023-09-17,6,6,0.6253731280841209,0.606238613774379,2.5,15,11,0.6444134877456559,9
2023-09-18,2,2,0.7833797918124632,0.8024614350362258,2.5,5,3,0.686405366117304,3
2023-09-19,4,4,0.8989520817995071,0.9067358762025833,2.0,8,6,0.8832957707345486,4
2023-09-20,2,2,0.7343780219554901,0.7343780219554901,1.5,3,3,0.6958729108174642,1
2023-09-21,3,3,0.7410131891568502,0.7410131891568502,1.6666666666666667,5,5,0.736664640903473,2
2023-09-22,7,7,0.7300187778444245,0.730351857328989,3.5714285714285716,25,19,0.6841795792115423,18
2023-09-23,6,6,0.8192558096790755,0.8192558096790755,1.5,9,9,0.8394650987085002,3
2023-09-24,9,9,0.6381518916147534,0.6388214728182734,3.888888888888889,35,30,0.6215472034932602,26
2023-09-25,6,6,0.6279734088484907,0.6624903208540891,3.6666666666666665,22,16,0.5353863683390104,16
2023-09-26,4,4,0.6969180881908772,0.7314887107194712,7.0,28,24,0.6184007453251412,24
2023-09-27,1,1,0.3876471221446991,0.3876471221446991,1.0,1,1,0.3876471221446991,0
2023-09-28,2,2,0.9298598766326904,0.9298598766326904,1.0,2,2,0.9298598766326904,0
2023-09-29,4,4,0.9008432601888974,0.9000119355817635,1.5,6,4,0.9138948602808846,2
2023-09-30,1,1,0.904256143990685,0.904256143990685,1.0,1,1,0.904256143990685,0
2023-10-01,1,1,0.3289323067292571,0.2184074930846691,2.0,2,2,0.3289323067292571,1
2023-10-02,2,2,0.9035629406571388,0.9258768161137898,7.0,14,14,0.8719458154269627,12
2023-10-03,2,2,0.8037844598293304,0.8037844598293304,1.0,2,2,0.8037844598293304,0
2023-10-04,1,1,0.5099795311689377,0.5099795311689377,1.0,1,1,0.5099795311689377,0
2023-10-05,6,6,0.4523694866543843,0.49157849414688015,2.1666666666666665,13,11,0.4171479990562567,7
2023-10-06,2,2,0.5888108871877193,0.5888108871877193,1.5,3,3,0.4877985467513402,1
2023-10-07,1,1,0.5746010690927505,0.5746010690927505,1.0,1,1,0.5746010690927505,0
2023-10-08,3,3,0.7240788903501297,0.732500586244795,2.0,6,6,0.5940675768587323,3
2023-10-09,2,2,0.8723457083106041,0.8728130608797073,2.0,4,4,0.8723457083106041,2
2023-10-10,3,3,0.8244569119479922,0.8112595611148411,2.0,6,6,0.8372093588113785,3
2023-10-11,1,1,0.3057236783206463,0.3057236783206463,3.0,3,3,0.3057236783206463,2
2023-10-12,2,2,0.5715249648783356,0.5450334701687097,3.0,6,6,0.47818112652748823,4
2023-10-13,1,1,0.9527720709641775,0.9527720709641775,1.0,1,1,0.9527720709641775,0
2023-10-14,1,1,0.8767054975032806,0.8767054975032806,2.0,2,2,0.8767054975032806,1
2023-10-15,6,6,0.8041244724361847,0.7911889886147239,2.6666666666666665,16,14,0.7831361545463248,10
2023-10-16,1,1,0.885115921497345,0.885115921497345,2.0,2,2,0.885115921497345,1
2023-10-17,4,4,0.40389610027583933,0.4127201023822029,2.75,11,8,0.37705115827195573,7
2023-10-18,4,4,0.7353196022721629,0.7594870348638367,2.5,10,8,0.6734418467308084,6
2023-10-19,1,1,0.9321837405140481,0.9321837405140481,1.0,1,1,0.9321837405140481,0
2023-10-20,6,6,0.8785003341458463,0.8856328875378326,1.8333333333333333,11,6,0.850641074234789,5
2023-10-21,3,3,0.8901108831522011,0.9057938482750346,5.0,15,15,0.895328667192232,12
2023-10-22,4,4,0.6579774764041224,0.6812535702418698,4.75,19,17,0.6027435995769083,15
2023-10-23,3,3,0.6290689759784275,0.7183664308653936,1.3333333333333333,4,4,0.6077591384450595,1
2023-10-24,4,4,0.6504366267676925,0.7456128257535004,2.75,11,10,0.7402028837893865,7
2023-10-25,5,5,0.7373382925055921,0.7428994299533467,2.2,11,10,0.6942060777748172,6
2023-10-26,4,4,0.8145852162968367,0.8218976044820414,4.75,19,15,0.7551138224570375,15
2023-10-27,4,4,0.5853654839344927,0.5942011149621315,6.75,27,20,0.675288503614256,23
2023-10-28,5,5,0.48119259784714535,0.4887114638844744,2.6,13,11,0.531045904135078,8
2023-10-29,3,3,0.6156040043496187,0.541354350623383,3.6666666666666665,11,8,0.6172849853559361,8
2023-11-01,3,3,0.6240820673604807,0.6240820673604807,1.0,3,3,0.6240820673604807,0
2023-11-02,2,2,0.8659497300783793,0.8665565876290202,6.0,12,8,0.7998153799109988,10
2023-11-04,3,3,0.9182265798250834,0.9182265798250834,2.3333333333333335,7,6,0.9175137536866325,4
2023-11-05,1,1,0.611909031867981,0.611909031867981,1.0,1,1,0.611909031867981,0
2023-11-06,3,3,0.6912410292360517,0.6912410292360517,2.0,6,6,0.6385437001784643,3
2023-11-07,2,2,0.7607079729075648,0.7583279341924936,3.5,7,6,0.8414178878911549,5
2023-11-08,6,6,0.8037909933924675,0.808045361008909,1.1666666666666667,7,5,0.8105346363782883,1
2023-11-09,2,2,0.7923007309436798,0.7923007309436798,3.0,6,6,0.7392809291680654,4
2023-11-10,7,7,0.8488691343232249,0.8437882504811002,2.7142857142857144,19,13,0.8337173396367966,12
2023-11-11,2,2,0.5852978304028511,0.6043587520718574,2.5,5,5,0.6330330908298493,3
2023-11-12,1,1,0.8076317755815884,0.836745180089825,18.0,18,17,0.8076317755815884,17
2023-11-13,9,9,0.7296558387945464,0.7069297102038506,2.3333333333333335,21,14,0.7237022180760663,12
2023-11-14,6,6,0.7975654943529783,0.829102990548985,4.166666666666667,25,12,0.694694330607514,19
2023-11-15,5,5,0.6806446467753914,0.6896476180070923,3.0,15,13,0.6530659237669574,10
2023-11-16,6,6,0.8503194531356847,0.8503194531356847,2.3333333333333335,14,10,0.8575487729339372,8
2023-11-17,3,3,0.5747478088295018,0.589292544623216,2.6666666666666665,8,6,0.7157247945045432,5
2023-11-18,6,6,0.8284169457326032,0.8237638407584393,1.5,9,6,0.8180595463273501,3
2023-11-19,6,6,0.7331368506013874,0.7458398941135597,2.5,15,12,0.7288913206448631,9
2023-11-20,5,5,0.8363279260188138,0.8236895519740137,4.4,22,16,0.800216048705952,17
2023-11-21,4,4,0.6636360994251889,0.6863027964386025,2.5,10,7,0.6702738647792665,6
2023-11-22,7,7,0.5120928307805135,0.5232707427320432,2.5714285714285716,18,15,0.5970770405605434,11
2023-11-23,8,8,0.8082188254843156,0.8157058622688055,2.25,18,11,0.8472781676385137,10
2023-11-24,4,4,0.6084175283710161,0.6084175283710161,1.75,7,7,0.5212311006727673,3
2023-11-25,5,5,0.7066495925045222,0.7061485122766148,3.2,16,14,0.7066339733362125,11
2023-11-26,1,1,0.9221945181488991,0.9225463271141052,4.0,4,4,0.9221945181488991,3
2023-11-27,10,10,0.7776695982507693,0.7793041374488997,2.0,20,15,0.7909058916437416,10
2023-11-28,7,7,0.680305890377172,0.6825615574373127,2.142857142857143,15,12,0.6929095172187127,8
2023-11-29,6,6,0.8348333583109908,0.8259013024946817,2.3333333333333335,14,11,0.7435196603692713,8
2023-11-30,5,5,0.8667819431143722,0.8481480487560231,2.4,12,8,0.8382534552757858,7
2023-12-01,9,9,0.7472866322700676,0.7391591934427196,3.6666666666666665,33,26,0.8126324761314868,24
2023-12-02,5,5,0.6265815487027997,0.6282435068674386,2.0,10,9,0.6957880098217477,5
2023-12-03,4,4,0.7105350289493799,0.7340502658238014,2.0,8,6,0.7026329900448521,4
2023-12-04,10,10,0.73585351281726,0.7619623480067989,2.7,27,16,0.7526138824863332,17
2023-12-05,9,9,0.7307458068761561,0.7307458068761561,1.3333333333333333,12,11,0.7024588172013561,3
2023-12-06,4,4,0.8685356415808201,0.8659164277570588,1.75,7,6,0.8602017824138913,3
2023-12-07,7,7,0.8779352532883012,0.8655786603173757,2.7142857142857144,19,12,0.8806721253091828,12
2023-12-08,4,4,0.5645401417573411,0.5619458733717837,2.0,8,7,0.4818175725993656,4
2023-12-09,1,1,0.3785052311917146,0.40814252384006977,3.0,3,3,0.3785052311917146,2
2023-12-10,4,4,0.618801421311403,0.6331590588344762,5.75,23,23,0.7382238543212537,19
2023-12-11,7,7,0.6920355465203997,0.6985912160149643,2.4285714285714284,17,15,0.6659529133462438,10
2023-12-12,7,7,0.6890738890145778,0.678647541596647,4.142857142857143,29,22,0.6522492321571111,22
2023-12-13,4,4,0.7940070629119873,0.7940070629119873,1.5,6,6,0.8268892168998718,2
2023-12-14,11,11,0.8667634573584947,0.8695276534789568,2.272727272727273,25,17,0.881893159419821,14
2023-12-15,6,6,0.8086272499426848,0.8005554816036513,3.1666666666666665,19,11,0.8013831081382775,13
2023-12-16,8,8,0.61463972230957,0.6381844075707098,1.75,14,10,0.7052889755497673,6
2023-12-17,8,8,0.7134929041253469,0.7235710236827366,3.25,26,21,0.7525515862776396,18
2023-12-18,3,3,0.6024442373050584,0.6024442373050584,1.3333333333333333,4,4,0.5628616704295079,1
2023-12-19,7,7,0.7647418541374144,0.7494440065866698,3.857142857142857,27,21,0.6994884427682854,20
2023-12-20,4,4,0.6943969533468286,0.6862029707426149,2.5,10,9,0.74878138191998,6
2023-12-21,4,4,0.8081113236645857,0.8081113236645857,1.5,6,6,0.782109501461188,2
2023-12-22,8,8,0.8263327130781752,0.840266639366746,2.625,21,12,0.7801591394439575,13
2023-12-23,3,3,0.915768865081999,0.915768865081999,3.3333333333333335,10,9,0.9151841461658478,7
2023-12-24,6,6,0.7729229570444053,0.7417665227212841,1.8333333333333333,11,10,0.8185447553088042,5
2023-12-25,3,3,0.8285144358244058,0.9250297953246855,2.0,6,2,0.6970253694201306,3
2023-12-26,4,4,0.7992378538004076,0.8026940138954104,1.25,5,4,0.822072185952254,1
2023-12-27,5,5,0.7095562375733874,0.6986901709825422,2.6,13,12,0.6004492097657981,8
2023-12-28,7,7,0.678385759127282,0.6816962337919643,1.4285714285714286,10,10,0.6299972356607516,3
2023-12-29,5,5,0.7793475804726283,0.7793475804726283,2.6,13,11,0.7229536106189093,8
2023-12-30,4,4,0.7267641201942113,0.7267641201942113,1.25,5,3,0.637262719895756,1
2023-12-31,3,3,0.715094045153987,0.7216219682444001,7.333333333333333,22,15,0.6143021307143814,19
2024-01-01,109,109,0.8753166482706684,0.8762502608071349,1.6972477064220184,185,41,0.8568546991101019,76
2024-01-02,124,124,0.8449611533436586,0.8462635791174408,1.967741935483871,244,75,0.8364427551598226,120
2024-01-03,133,133,0.8243327512960784,0.8308890969296001,2.045112781954887,272,83,0.7931028792368993,139
2024-01-04,117,117,0.8092519180498656,0.8128665078624387,2.034188034188034,238,91,0.8073207021771444,121
2024-01-05,88,88,0.8350930128289827,0.8314299672452875,1.8636363636363635,164,56,0.8311531181956563,76
2024-01-06,118,118,0.8024279659045707,0.8021732016759983,1.9067796610169492,225,92,0.7441373180368507,107
2024-01-07,104,104,0.8315213346492547,0.8323491087111042,1.75,182,57,0.808242758408423,78
2024-01-08,114,114,0.8279657082883974,0.8336274669362432,2.2017543859649122,251,85,0.8070885235535632,137
2024-01-09,118,118,0.8018516662086553,0.8082226664249615,2.3983050847457625,283,90,0.7862554077491825,165
2024-01-10,108,108,0.7927665126777294,0.7899974993008532,1.7962962962962963,194,64,0.79448263971359,86
2024-01-11,108,108,0.8056880290167754,0.8101258809607054,1.8981481481481481,205,69,0.8003821240620449,97
2024-01-12,97,97,0.8158481954677302,0.8165922407754712,1.9793814432989691,192,62,0.7660892872877905,95
2024-01-13,97,97,0.8456558581574752,0.8464985572552298,2.0721649484536084,201,61,0.8104357135080574,104
2024-01-14,120,120,0.8107211442457818,0.8168394238684946,1.875,225,66,0.7947343468469409,105
2024-01-15,125,125,0.7839548255558394,0.7891191421926279,1.912,239,76,0.7557686371435648,114
2024-01-16,102,102,0.8476952011953802,0.8500765421044301,1.7843137254901962,182,71,0.8386086615220306,80
2024-01-17,91,91,0.8023740222577712,0.8072041381881494,1.6923076923076923,154,49,0.7858650689666291,63
2024-01-18,121,121,0.8316503182477861,0.8333055560718045,1.8264462809917354,221,59,0.7995996649803438,100
2024-01-19,107,107,0.8115581074174044,0.8117437184265858,1.9065420560747663,204,73,0.8022531707345465,97
2024-01-20,85,85,0.8207089139894717,0.8260735302665575,2.223529411764706,189,65,0.7500055988082843,104
2024-01-21,100,100,0.7938039022285628,0.7954491372979728,1.81,181,62,0.7799623293077742,81
2024-01-22,84,84,0.8231405511719794,0.8210484096543185,1.9047619047619047,160,67,0.8063787337822363,76
2024-01-23,80,80,0.8408424231550491,0.8485299710760253,1.7625,141,50,0.82993392158631,61
2024-01-24,85,85,0.7944180340668738,0.7947202396100902,2.0588235294117645,175,67,0.7812502418478486,90
2024-01-25,94,94,0.8289921059851386,0.8305532700848942,1.6808510638297873,158,55,0.8123461631255822,64
2024-01-26,108,108,0.806165544632153,0.8073483045921295,2.240740740740741,242,82,0.785368484620713,134
2024-01-27,123,123,0.8017344312321222,0.8068285191446569,2.4227642276422765,298,85,0.8046384255555039,175
2024-01-28,104,104,0.8227273126865662,0.8267027379861553,2.451923076923077,255,78,0.8130054821411994,151
2024-01-29,106,106,0.815072343366074,0.814255871210627,1.9622641509433962,208,67,0.8045880378186706,102
2024-01-30,113,113,0.8148023938410643,0.8247024921770079,1.991150442477876,225,71,0.807205856172589,112
2024-01-31,96,96,0.852350919393913,0.856546689643774,2.0520833333333335,197,63,0.8403143179897872,101
2024-02-01,97,97,0.7832127912135549,0.7848672057812546,1.7835051546391754,173,57,0.7795392645033024,76
2024-02-02,87,87,0.8404025479816082,0.8395531007088833,1.896551724137931,165,61,0.76405370517597,78
2024-02-03,116,116,0.8494280214278568,0.8533826999756072,2.0775862068965516,241,71,0.8267258580398483,125
2024-02-04,97,97,0.7911058815873044,0.7961172595051549,2.134020618556701,207,73,0.7498919354546343,110
2024-02-05,118,118,0.8086130049453649,0.8145026457096276,2.1440677966101696,253,77,0.77674581350737,135
2024-02-06,92,92,0.8067317955134455,0.8124547561360191,2.3260869565217392,214,81,0.7741310573651512,122
2024-02-07,64,64,0.8415393637970947,0.8384844385068678,1.84375,118,46,0.811156220901042,54
2024-02-08,57,57,0.7725987960218033,0.7922959372150149,2.0701754385964914,118,54,0.7110091674087409,61
2024-02-09,72,72,0.769319540769803,0.772952828796787,2.4305555555555554,175,70,0.7648199291014912,103
2024-02-10,73,73,0.7804253681051883,0.7805210291664524,1.9863013698630136,145,56,0.7809098837671036,72
2024-02-11,105,105,0.8148117508712585,0.8133470205589258,1.6666666666666667,175,62,0.8119066871719888,70
2024-02-12,96,96,0.8016819129940015,0.8033146822730673,1.875,180,59,0.8017613672469379,84
2024-02-13,80,80,0.7961642807514618,0.8013432433513967,1.8625,149,50,0.7951521808568391,69
2024-02-14,63,63,0.7933116190469873,0.8021783852161496,2.873015873015873,181,62,0.757822631121682,118
2024-02-15,79,79,0.8219101541150424,0.8264203442795954,2.0126582278481013,159,59,0.7675565645332981,80
2024-02-16,73,73,0.8100306438983834,0.815235017956363,1.821917808219178,133,61,0.7851900775012631,60
2024-02-17,81,81,0.8212112653228701,0.8191383193544208,2.246913580246914,182,69,0.7900120313133984,101
2024-02-18,82,82,0.7804000840076233,0.7833276497949522,2.1463414634146343,176,62,0.7699797653092371,94
2024-02-19,73,73,0.8405517345823232,0.8435439996651416,1.7397260273972603,127,43,0.8145258279750492,54
2024-02-20,81,81,0.7387790559711274,0.7470683187787582,2.0123456790123457,163,63,0.761486932114913,82
2024-02-21,59,59,0.8087448149042805,0.8083012896453127,1.5084745762711864,89,38,0.8063600747608873,30
2024-02-22,85,85,0.8058093612444126,0.8086045578855147,2.2,187,76,0.7807189274921483,102
2024-02-23,72,72,0.7440048412507552,0.7549588725708032,2.0972222222222223,151,58,0.7061290395876507,79
2024-02-24,82,82,0.8004481161330743,0.8015167771281475,2.0609756097560976,169,58,0.775233119553187,87
2024-02-25,98,98,0.8011225068664273,0.8060509021237068,1.9795918367346939,194,60,0.8031140251079608,96
2024-02-26,65,65,0.7988893082289154,0.8029187509095502,1.8923076923076922,123,44,0.7651398984594882,58
2024-02-27,113,113,0.7741225451078133,0.7743433878837197,2.433628318584071,275,102,0.741841927128614,162
2024-02-28,95,95,0.7634184797134583,0.7679824984478638,1.894736842105263,180,62,0.7515962076192407,85
2024-02-29,86,86,0.8133379954705715,0.8073817078747508,2.2325581395348837,192,83,0.7844145514743506,106
2024-03-01,95,95,0.7778474482831469,0.7801985395718747,1.736842105263158,165,68,0.7506177882137716,70
2024-03-02,79,79,0.7705359583668356,0.7759867901362544,2.2531645569620253,178,62,0.7411740449182616,99
2024-03-03,112,112,0.7953332987803023,0.7960055091344351,2.4464285714285716,274,77,0.7913943166021726,162
2024-03-04,89,89,0.7741871105152099,0.7798131178937113,2.134831460674157,190,72,0.765578415474364,101
2024-03-05,107,107,0.7766741048793182,0.7864827553282768,2.0186915887850465,216,77,0.7585418668743733,109
2024-03-06,107,107,0.8377727519355735,0.8430558075979657,2.0093457943925235,215,63,0.79197288686514,108
2024-03-07,93,93,0.8136973463274407,0.8133778801884883,1.5591397849462365,145,49,0.7935385531862429,52
2024-03-08,99,99,0.8035594855277389,0.8094313756245249,1.97979797979798,196,65,0.7677741643106675,97
2024-03-09,107,107,0.8070989091176624,0.8102954337907282,1.6355140186915889,175,58,0.7854208290117889,68
2024-03-10,114,114,0.7712790854495064,0.7730971359306392,1.9912280701754386,227,71,0.7337832917293817,113
2024-03-11,106,106,0.778971145963871,0.7847669688528027,2.349056603773585,249,76,0.711045069646586,143
2024-03-12,122,122,0.7914347357114717,0.7984937319388825,1.9262295081967213,235,80,0.7766022664346558,113
2024-03-13,119,119,0.7854769563424674,0.7886265499112056,2.361344537815126,281,92,0.7690662037781925,162
2024-03-14,116,116,0.8023136025084345,0.80868933231521,2.2155172413793105,257,81,0.7797867970977709,141
2024-03-15,127,127,0.8095631249193519,0.8119845632933282,1.858267716535433,236,74,0.7671239202375933,109
2024-03-16,116,116,0.7921180869523752,0.7951497308408845,1.9913793103448276,231,78,0.7620207266100867,115
2024-03-17,131,131,0.7964930688455961,0.8016358126564417,1.9389312977099236,254,87,0.763297665751202,123
2024-03-18,100,100,0.7556036745369797,0.7660578588892146,2.16,216,79,0.746393635862387,116
2024-03-19,131,131,0.8297300019597865,0.8348436585578481,1.9083969465648856,250,74,0.804217968152654,119
2024-03-20,105,105,0.786291476019339,0.7912933030509192,2.466666666666667,259,79,0.7770434381425658,154
2024-03-21,111,111,0.7794623142666214,0.7838872314164123,1.927927927927928,214,72,0.7533378091419514,103
2024-03-22,109,109,0.8173314010064883,0.8196044062681097,2.055045871559633,224,67,0.8017889080428527,115
2024-03-23,111,111,0.8285143591347444,0.8320988198693562,2.3423423423423424,260,93,0.7903940453842976,149
2024-03-24,125,125,0.8015411778055235,0.8037348785179648,2.04,255,86,0.7804384286532916,130
2024-03-25,98,98,0.8337209711654172,0.8376704525165731,1.9285714285714286,189,63,0.81442173526618,91
2024-03-26,123,123,0.8240975649649998,0.8282589480700838,2.0569105691056913,253,74,0.7854038411418248,130
2024-03-27,105,105,0.833956031558086,0.8411575971013993,2.2,231,67,0.8021394684536185,126
2024-03-28,97,97,0.8445672164038931,0.8477110150882983,2.443298969072165,237,79,0.7971438448430416,140
2024-03-29,108,108,0.8065134132002565,0.8105187412656775,2.4074074074074074,260,69,0.8125792577408868,152
2024-03-30,95,95,0.8200043882640993,0.827050282480952,1.936842105263158,184,67,0.7794174039623146,89
2024-03-31,89,89,0.7832361575870976,0.7828601970377164,2.49438202247191,222,80,0.7572440916008911,133
2024-04-01,87,87,0.8127864424039324,0.8174612020137696,2.367816091954023,206,67,0.8015018063336692,119
2024-04-02,76,76,0.7929546528858429,0.7963886977584022,2.263157894736842,172,60,0.8012334596390259,96
2024-04-03,71,71,0.7850067472717155,0.7886499771364964,2.507042253521127,178,72,0.7323597320169389,107
2024-04-04,8,8,0.5643962141303025,0.5487948063147895,2.125,17,14,0.662277295872336,9
2024-04-05,3,3,0.7900680331956772,0.7826363472711472,3.3333333333333335,10,10,0.7608610063791275,7
2024-04-06,4,4,0.7181788870634941,0.7143545708308617,4.5,18,13,0.794220584548182,14
2024-04-07,8,8,0.7893794478438737,0.7859508486219979,3.625,29,17,0.7275556226774593,21
2024-04-08,7,7,0.8556160177858103,0.8439376607587954,1.2857142857142858,9,4,0.8510082483567574,2
2024-04-09,3,3,0.8146065728945864,0.7781354976121825,5.0,15,12,0.8046581205394533,12
2024-04-10,3,3,0.8467415695389112,0.8487826625506084,2.0,6,5,0.7452881882588068,3
2024-04-11,4,4,0.7662039374311764,0.7732572002957264,1.5,6,4,0.7985118644105064,2
2024-04-12,3,3,0.7281400492740057,0.7281400492740057,1.0,3,3,0.7281400492740057,0
2024-04-13,6,6,0.7937879487848605,0.8058705573412355,2.0,12,9,0.6692315309891722,6
2024-04-14,3,3,0.8061983502573438,0.8360973385473093,3.3333333333333335,10,9,0.8137642994523049,7
2024-04-15,3,3,0.652091906302505,0.6523990225460794,1.3333333333333333,4,4,0.7123553100973368,1
2024-04-16,5,5,0.8927140323321024,0.8994887725512187,2.6,13,11,0.8590431136962695,8
2024-04-17,5,5,0.5808999668796936,0.5520529821832829,4.2,21,18,0.7096372738864923,16
2024-04-18,7,7,0.8238032570197469,0.8334989365899846,1.8571428571428572,13,11,0.796920178601375,6
2024-04-19,2,2,0.7216593820549961,0.7610977826536529,3.5,7,6,0.650188701271656,5
2024-04-20,4,4,0.84628810317566,0.8533059851852832,3.5,14,8,0.8510266593879178,10
2024-04-21,5,5,0.5314432566193472,0.5148083098786218,4.4,22,18,0.6094987129139435,17
2024-04-22,4,4,0.8006472282111645,0.806280895535435,3.5,14,12,0.7603306653244155,10
2024-04-23,1,1,0.8729672133922577,0.8729672133922577,2.0,2,2,0.8729672133922577,1
2024-04-24,5,5,0.7827014655442465,0.7943234743632914,5.4,27,19,0.7673041690962235,22
2024-04-25,3,3,0.7778958637530756,0.7558636478724935,7.0,21,17,0.7634290049355181,18
2024-04-26,6,6,0.7741267374377404,0.7968773118637177,3.8333333333333335,23,18,0.7016762217322214,17
2024-04-27,6,6,0.6489719531347609,0.6489719531347609,1.8333333333333333,11,8,0.5672716075133333,5
2024-04-28,3,3,0.5334123444433013,0.5711892183982964,4.666666666666667,14,14,0.5816022641956806,11
2024-04-29,4,4,0.8986461422483747,0.9008938247639248,1.5,6,5,0.8952305638076116,2
2024-04-30,3,3,0.6348596963958414,0.6348596963958414,1.0,3,3,0.6348596963958414,0
2024-05-01,2,2,0.8766030674179395,0.8791767254471778,3.0,6,5,0.8665423937969737,4
2024-05-02,6,6,0.5784956555136226,0.5870558899460417,2.3333333333333335,14,12,0.5831255963580174,8
2024-05-03,7,7,0.6402654101672981,0.629147017906819,2.4285714285714284,17,13,0.6584384146639529,10
2024-05-04,5,5,0.6413261908572168,0.6326367088000883,5.4,27,18,0.508439424102781,22
2024-05-05,3,3,0.8298211594422659,0.8298211594422659,2.0,6,6,0.8068632185459137,3
2024-05-06,6,6,0.8019370519452624,0.8320997002578917,1.6666666666666667,10,7,0.8029485474030176,4
2024-05-07,6,6,0.5949174782985615,0.574727988715663,2.5,15,7,0.6674896865462263,9
2024-05-08,1,1,0.9528913378715516,0.9528913378715516,1.0,1,1,0.9528913378715516,0
2024-05-09,3,3,0.5410211471219858,0.5410211471219858,1.0,3,3,0.5410211471219858,0
2024-05-10,3,3,0.6493539810180664,0.6493539810180664,1.6666666666666667,5,4,0.6407349944114685,2
2024-05-11,4,4,0.7190267952779928,0.7162767695883909,3.5,14,10,0.7034995343003955,10
2024-05-12,3,3,0.6447029014428457,0.6447029014428457,1.3333333333333333,4,4,0.6795145273208618,1
2024-05-13,6,6,0.7418213652239906,0.7391713277569839,3.0,18,15,0.7290108685810415,12
2024-05-14,3,3,0.6145699977138896,0.6091335212118959,4.333333333333333,13,10,0.6590863428054712,10
2024-05-15,4,4,0.6646280932508296,0.6646280932508296,1.0,4,3,0.6646280932508296,0
2024-05-16,7,7,0.6962751459903794,0.6826638505239536,4.428571428571429,31,24,0.80004004749117,24
2024-05-17,2,2,0.7417659349739552,0.7417659349739552,1.0,2,2,0.7417659349739552,0
2024-05-18,4,4,0.8977068705218179,0.8962089127388553,2.25,9,7,0.918763308219178,5
2024-05-19,2,2,0.919557405133096,0.9279896524045375,2.0,4,4,0.9177726354627382,2
2024-05-20,3,3,0.6552988448076777,0.6471960536307759,3.0,9,9,0.6414272125672411,6
2024-05-21,2,2,0.7027927283641129,0.7507172567614664,2.0,4,3,0.6026049620205802,2
2024-05-22,4,4,0.793367677465433,0.7881433848968479,9.75,39,18,0.7164527226223991,35
2024-05-23,5,5,0.7260599483797947,0.7313006510585547,2.8,14,11,0.6486620925544273,9
2024-05-24,5,5,0.753643968817778,0.7634108334271745,2.6,13,12,0.49804268010820335,8
2024-05-25,6,6,0.7071985624050573,0.7037541682859952,2.0,12,10,0.6671552908577262,6
2024-05-26,4,4,0.826680168406003,0.8366362281482328,3.75,15,12,0.7808814922968547,11
2024-05-27,5,5,0.7871723999828101,0.8423059479892254,4.0,20,16,0.7485201196745038,15
2024-05-28,5,5,0.8036719223856925,0.832705084780852,2.8,14,13,0.7763448483532384,9
2024-05-29,6,6,0.3818308541152094,0.37935116972094257,2.1666666666666665,13,9,0.3245505011886113,7
2024-05-30,6,6,0.6980256435890047,0.6971092498964734,1.6666666666666667,10,9,0.7957762336447125,4
2024-05-31,2,2,0.9135162353515625,0.9040625393390656,2.5,5,4,0.8991160559654237,3
2024-06-01,3,3,0.49680636326471966,0.49680636326471966,1.0,3,3,0.49680636326471966,0
2024-06-02,7,7,0.780659433981391,0.7976328707179752,3.0,21,15,0.7345430328174919,14
2024-06-03,6,6,0.6537429289141576,0.683500413611239,3.6666666666666665,22,17,0.6719150882705701,16
2024-06-04,8,8,0.6738331975970958,0.6871367911319352,4.375,35,24,0.6264614307036136,27
2024-06-05,4,4,0.7594950378806603,0.777663981504362,4.0,16,15,0.6463905781309939,12
2024-06-06,8,8,0.789197537737588,0.801277378529665,3.0,24,19,0.8104238955097066,16
2024-06-07,6,6,0.7365692964396797,0.7456837123518603,4.5,27,19,0.7260080490721229,21
2024-06-08,3,3,0.700219231347243,0.700219231347243,1.3333333333333333,4,4,0.6503156386315823,1
2024-06-09,2,2,0.45811005853689635,0.4598457728953738,7.0,14,10,0.6355841926165989,12
2024-06-10,3,3,0.6177277943740288,0.6177277943740288,2.0,6,6,0.754307348591586,3
2024-06-11,6,6,0.5858931553032664,0.5932517264526159,2.0,12,10,0.6029650087571806,6
2024-06-12,7,7,0.7689377812668682,0.787047805573766,2.5714285714285716,18,13,0.7610002546053793,11
2024-06-13,7,7,0.6265583299100399,0.6270740104040929,2.0,14,12,0.6046571892109656,7
2024-06-14,5,5,0.7155872866345777,0.7151466044783592,1.8,9,8,0.6939865398462172,4
2024-06-15,2,2,0.436296575749293,0.4767839998073344,5.5,11,10,0.3115211214700883,9
2024-06-16,3,3,0.7974346876144409,0.7974346876144409,1.0,3,3,0.7974346876144409,0
2024-06-17,4,4,0.7351524296479734,0.7164465906032276,6.0,24,14,0.7505316226186954,20
2024-06-18,9,9,0.6724287782524903,0.6881032927612765,4.0,36,22,0.7282812508827002,27
2024-06-19,9,9,0.7072035723807987,0.7092268976608238,3.0,27,22,0.5770842423108559,18
2024-06-20,4,4,0.7887402353808284,0.7887402353808284,1.25,5,4,0.775562884658575,1
2024-06-21,1,1,0.41204300010576844,0.41327925655059516,6.0,6,6,0.41204300010576844,5
2024-06-22,7,7,0.7386212625673839,0.7386212625673839,1.2857142857142858,9,8,0.7717204607195325,2
2024-06-23,2,2,0.8085707478225231,0.8399678207933903,3.0,6,6,0.7250848499437174,4
2024-06-24,3,3,0.6356389182723231,0.6603479757018033,2.6666666666666665,8,6,0.706170848182713,5
2024-06-25,2,2,0.6279740426689386,0.6279740426689386,2.5,5,3,0.6476904466748238,3
2024-06-26,2,2,0.8039724436899027,0.8161304847760634,4.5,9,8,0.8058854484999621,7
2024-06-27,6,6,0.5701564445559467,0.5687670183264547,4.5,27,17,0.6855207128381288,21
2024-06-28,4,4,0.7670506125109063,0.7908396041641632,4.25,17,14,0.7442690443758871,13
2024-06-29,1,1,0.7249151766300201,0.7249151766300201,2.0,2,2,0.7249151766300201,1
2024-06-30,6,6,0.5851606181926198,0.5694346907906808,3.5,21,19,0.599899386685519,15
2024-07-01,87,87,0.8306201900448005,0.8344863960856541,1.8620689655172413,162,48,0.7744872726690775,75
2024-07-02,81,81,0.7969492295674995,0.7978429989263679,2.493827160493827,202,77,0.7387447088549662,121
2024-07-03,89,89,0.8038876930309836,0.8078580418927835,1.9662921348314606,175,59,0.7783705421214453,86
2024-07-04,75,75,0.8150665257844599,0.814079222923613,2.453333333333333,184,62,0.7900721204303941,109
2024-07-05,91,91,0.8161703768385623,0.8207203889787998,2.1538461538461537,196,73,0.8091178077906452,105
2024-07-06,30,30,0.8499838718736835,0.8527385372747726,1.6,48,21,0.8580694161609506,18
2024-07-07,4,4,0.7831916039188703,0.7737095374614,2.0,8,7,0.785141484811902,4
2024-07-08,4,4,0.8823874945441882,0.8823874945441882,1.0,4,2,0.8823874945441882,0
2024-07-09,5,5,0.7252516949052612,0.7196383254105846,2.0,10,8,0.7128829138105115,5
2024-07-10,4,4,0.7007643995514394,0.7021078460247201,1.25,5,5,0.7478918804987973,1
2024-07-11,4,4,0.7826717153812448,0.7826717153812448,1.25,5,5,0.7672542059918245,1
2024-07-12,3,3,0.6386375175582039,0.6364458140098687,2.6666666666666665,8,8,0.5796950872366627,5
2024-07-13,6,6,0.6845014730313173,0.7041545156454151,3.3333333333333335,20,14,0.7016398037814846,14
2024-07-14,2,2,0.83744478833396,0.8622109086643304,6.5,13,12,0.7533055426839452,11
2024-07-15,2,2,0.7231821641325951,0.6956536488400565,4.0,8,6,0.82135827280581,6
2024-07-16,3,3,0.6916362997144461,0.6916362997144461,2.0,6,6,0.6056422443232602,3
2024-07-17,6,6,0.5552206271852183,0.53933527650793,1.8333333333333333,11,10,0.5471779897530491,5
2024-07-18,4,4,0.6835651832802052,0.6951829064939801,2.25,9,7,0.5145500605794215,5
2024-07-19,3,3,0.6731954867788961,0.6715148813140215,5.666666666666667,17,16,0.6356317905709147,14
2024-07-20,2,2,0.9387478282054265,0.9387478282054265,1.0,2,2,0.9387478282054265,0
2024-07-21,4,4,0.8935671657323837,0.9026386458958898,2.0,8,5,0.8055051431059838,4
2024-07-22,2,2,0.9014834513266881,0.8962221890687943,2.5,5,5,0.9067137062549591,3
2024-07-23,3,3,0.6195460032257769,0.6383676334387726,3.0,9,8,0.6757029645420887,6
2024-07-24,2,2,0.9025890251000722,0.9025890251000722,2.0,4,4,0.9036511391401291,2
2024-07-26,3,3,0.5634687774711185,0.5634687774711185,1.0,3,3,0.5634687774711185,0
2024-07-27,8,8,0.9103496448730791,0.9103496448730791,1.75,14,8,0.867219698759549,6
2024-07-28,1,1,0.8997948884963989,0.8997948884963989,1.0,1,1,0.8997948884963989,0
2024-07-29,5,5,0.5420708780998693,0.5420708780998693,4.6,23,18,0.6984168272465467,18
2024-07-30,5,5,0.7353014789876483,0.744813750968093,3.0,15,14,0.742693311070639,10
2024-07-31,2,2,0.8438150435686111,0.8438150435686111,2.0,4,4,0.8048290833830833,2
2024-08-01,71,71,0.8004194777439548,0.799483667453978,2.591549295774648,184,76,0.7679707223577104,113
2024-08-02,52,52,0.8474753488407565,0.8359697047580479,2.0384615384615383,106,39,0.8176011249179388,54
2024-08-03,73,73,0.7960570110381706,0.8016293051508219,2.0273972602739727,148,53,0.7749163438375531,75
2024-08-04,58,58,0.7941775368026573,0.7958462597354736,2.4310344827586206,141,62,0.7752020245836687,83
2024-08-05,52,52,0.7300374554771241,0.7346180770752448,2.4038461538461537,125,49,0.7224054572571247,73
2024-08-06,73,73,0.728615737913107,0.7336482025039648,1.9315068493150684,141,59,0.7219257629279691,68
2024-08-07,61,61,0.8367618210684811,0.8391119782362569,2.19672131147541,134,49,0.7872171030063673,73
2024-08-08,53,53,0.7556550143532528,0.76268947234234,2.018867924528302,107,48,0.736000689539805,54
2024-08-09,55,55,0.8105144901715766,0.8075217596552434,2.090909090909091,115,50,0.8178981670653788,60
2024-08-10,84,84,0.7439894506848796,0.747671241235161,2.25,189,65,0.7350993054870669,105
2024-08-11,71,71,0.7610572097256113,0.7615605933559924,2.295774647887324,163,61,0.7393308569430042,92
2024-08-12,61,61,0.8132177010949244,0.8136734923718574,1.8032786885245902,110,49,0.7967256186531512,49
2024-08-13,74,74,0.8063518861774881,0.8087335525237671,1.7567567567567568,130,46,0.7875690522596877,56
2024-08-14,77,77,0.8237799221618612,0.8250627492658075,1.8831168831168832,145,51,0.801973690480364,68
2024-08-15,59,59,0.812972724248642,0.8134466744527268,1.8983050847457628,112,42,0.7860007609920558,53
2024-08-16,81,81,0.7897287038678118,0.8002460438715001,1.654320987654321,134,49,0.7276324361733227,53
2024-08-17,70,70,0.743799940677866,0.7532443474924596,1.957142857142857,137,49,0.709949952945065,67
2024-08-18,78,78,0.7918710376093296,0.7904074834998042,2.2948717948717947,179,59,0.7609297671262684,101
2024-08-19,62,62,0.7271096052660522,0.7314842094352191,2.435483870967742,151,50,0.7021402009738872,89
2024-08-20,65,65,0.7209284325661701,0.7201334964496349,1.9230769230769231,125,56,0.728035025926438,60
2024-08-21,66,66,0.7665165234966841,0.7615950786772554,1.9545454545454546,129,46,0.7535147407835717,63
2024-08-22,68,68,0.7430113109667955,0.7490382728343874,2.264705882352941,154,69,0.7056384850899087,86
2024-08-23,67,67,0.7795300555087734,0.7744951773444445,2.8805970149253732,193,65,0.7638216071606218,126
2024-08-24,70,70,0.7851988293253553,0.7913340396385187,2.3142857142857145,162,52,0.7630948484943836,92
2024-08-25,77,77,0.763388568557478,0.7685418515661014,1.9610389610389611,151,46,0.7668900688986399,74
2024-08-26,71,71,0.7882098640132916,0.7904189837861895,2.0140845070422535,143,53,0.7585051850356901,72
2024-08-27,75,75,0.7795015939206215,0.777186260677409,1.64,123,42,0.7662752247529255,48
2024-08-28,69,69,0.7576865794582285,0.758757922651747,2.9565217391304346,204,76,0.7127693085023412,135
2024-08-29,53,53,0.7787918632481928,0.7856901139458468,2.7547169811320753,146,64,0.7300138658592983,93
2024-08-30,62,62,0.755813157419132,0.7637624096519735,2.4193548387096775,150,61,0.7489579813570403,88
2024-08-31,83,83,0.7636678152023652,0.765223545367758,2.2409638554216866,186,63,0.768641078626613,103
2024-09-01,89,89,0.8109649393943299,0.8208830386592267,2.056179775280899,183,61,0.7677832172982579,94
2024-09-02,76,76,0.756943677933512,0.7577521420774417,2.3026315789473686,175,68,0.7288449875761633,99
2024-09-03,65,65,0.7617448565304298,0.7644684866886413,1.8307692307692307,119,45,0.7660601121579567,54
2024-09-04,62,62,0.7558379710537156,0.7576017884119272,2.0161290322580645,125,59,0.7646030379802051,63
2024-09-05,64,64,0.7500500830194382,0.7663496639890086,2.203125,141,57,0.6965359209275789,77
2024-09-06,57,57,0.7637535007493351,0.7745127381053708,1.912280701754386,109,48,0.7625108517911073,52
2024-09-07,77,77,0.7985450996388238,0.7996159073328369,2.0,154,58,0.7835521677489363,77
2024-09-08,91,91,0.736329270296416,0.743193451255464,2.0549450549450547,187,75,0.730526909274424,96
2024-09-09,61,61,0.7605094732508114,0.7643124347833263,2.3442622950819674,143,57,0.7025885988250422,82
2024-09-10,76,76,0.7908050312612053,0.7995258201842925,1.75,133,50,0.7662145413851028,57
2024-09-11,69,69,0.7475102499026963,0.7569617479237911,2.36231884057971,163,60,0.7191586940266437,94
2024-09-12,79,79,0.7738901693283975,0.7792233218339566,2.0759493670886076,164,58,0.7651061882501945,85
2024-09-13,77,77,0.7951906731469902,0.8022060187201624,1.87012987012987,144,52,0.749022298926322,67
2024-09-14,78,78,0.8123981207036864,0.818950462576805,2.0256410256410255,158,53,0.791363714321547,80
2024-09-15,72,72,0.790328541158586,0.7954789759306651,1.9583333333333333,141,53,0.7923367614211914,69
2024-09-16,79,79,0.7626135393823937,0.7622359521145315,1.518987341772152,120,47,0.7556609408265318,41
2024-09-17,88,88,0.7583009665677344,0.7681385358423349,2.2954545454545454,202,71,0.7312349764128852,114
2024-09-18,113,113,0.7909560991177709,0.7945033582796023,2.3008849557522124,260,81,0.7547135870100042,147
2024-09-19,104,104,0.7912813835289677,0.8051912334153337,2.076923076923077,216,66,0.747392255538115,112
2024-09-20,81,81,0.8225382607162636,0.8256036389583586,2.1481481481481484,174,74,0.789710785733811,93
2024-09-21,100,100,0.752679000487158,0.7581205764250514,1.8,180,62,0.741995529299671,80
2024-09-22,95,95,0.8035546586382016,0.8046134850135626,2.094736842105263,199,67,0.7953819479481674,104
2024-09-23,105,105,0.7716971665936244,0.7749660756777955,2.3904761904761904,251,73,0.7529743753142164,146
2024-09-24,86,86,0.787545420443304,0.7889409310209451,2.2209302325581395,191,59,0.7565673012875449,105
2024-09-25,81,81,0.7674501006590668,0.7698686379817361,1.9753086419753085,160,56,0.7641919670810696,79
2024-09-26,84,84,0.7486255650746515,0.7584419530757754,1.8928571428571428,159,52,0.7373833740181557,75
2024-09-27,85,85,0.804836243234053,0.8080658728695588,2.164705882352941,184,68,0.7593953062950334,99
2024-09-28,78,78,0.7382222911015464,0.7435779406704981,2.6794871794871793,209,64,0.7203207212144787,131
2024-09-29,88,88,0.7882910829244983,0.7901218991776031,1.5113636363636365,133,48,0.7413911886535413,45
2024-09-30,26,26,0.7433726304140132,0.7522962390695545,1.6538461538461537,43,26,0.776892266941493,17
2024-10-01,87,87,0.8003906332400019,0.8030305136115954,1.8735632183908046,163,59,0.7871821727379376,76
2024-10-02,67,67,0.7492306426378295,0.7525849905123344,2.0,134,50,0.7247077254564808,67
2024-10-03,69,69,0.8238124970728575,0.8295749598719754,2.739130434782609,189,66,0.7878368916386882,120
2024-10-04,74,74,0.8022631791752961,0.8070053373978869,2.0675675675675675,153,56,0.7874356543240499,79
2024-10-05,69,69,0.7826865924027336,0.7839381254125993,2.072463768115942,143,48,0.7729280975255527,74
2024-10-06,91,91,0.8175450829093562,0.8170285894523054,2.241758241758242,204,59,0.7924445079366287,113
2024-10-07,104,104,0.778376326692584,0.7852757707804022,1.9903846153846154,207,71,0.773680232855977,103
2024-10-08,85,85,0.8026297628194788,0.8075802080707267,1.6941176470588235,144,48,0.7820474373147985,59
2024-10-09,59,59,0.728783917826951,0.7234989197208456,2.288135593220339,135,55,0.7556481980319414,76
2024-10-10,81,81,0.806244297352148,0.8122826652865982,2.3950617283950617,194,77,0.7289870649346384,113
2024-10-11,77,77,0.788591904477974,0.7930429957047811,2.0,154,60,0.7538544317046432,77
2024-10-12,80,80,0.8318356632977025,0.8306777039904694,2.025,162,43,0.8157298779514496,82
2024-10-13,91,91,0.7636175505584971,0.7648317386085676,2.043956043956044,186,64,0.7077380012229314,95
2024-10-14,97,97,0.7746180691714614,0.7792316927687392,2.1649484536082473,210,70,0.7606325391237853,113
2024-10-15,89,89,0.7895339962810054,0.7901159869795946,2.3258426966292136,207,75,0.7732133918597976,118
2024-10-16,89,89,0.7671737025625983,0.7703527987795598,2.438202247191011,217,59,0.7649959886335265,128
2024-10-17,85,85,0.8032929365811193,0.8209439967397191,2.588235294117647,220,60,0.7871449476588178,135
2024-10-18,81,81,0.7878477984657366,0.7908121583941481,1.9506172839506173,158,66,0.7361648429925844,77
2024-10-19,84,84,0.8191764805035162,0.8195109853666475,2.0952380952380953,176,57,0.812618167455554,92
2024-10-20,110,110,0.7849219832165055,0.7857719305717451,2.036363636363636,224,67,0.767136664829999,114
2024-10-21,136,136,0.7930470221512326,0.7966986446104465,2.036764705882353,277,73,0.7885648235504558,141
2024-10-22,92,92,0.7960833449447778,0.7933549201979919,2.1630434782608696,199,67,0.7765585245309121,107
2024-10-23,115,115,0.8188672828329518,0.818339908830471,1.8521739130434782,213,58,0.8014024645808611,98
2024-10-24,96,96,0.7885878504071502,0.788541551563879,2.1666666666666665,208,74,0.7587757427856499,112
2024-10-25,102,102,0.7622549781515283,0.7630617580069927,2.2254901960784315,227,78,0.7637291394506588,125
2024-10-26,93,93,0.8040890603488773,0.8083716010998855,2.3763440860215055,221,70,0.7931984089304613,128
2024-10-27,103,103,0.8114334196132269,0.8194509249144596,2.3398058252427183,241,79,0.784643460369135,138
2024-10-28,90,90,0.795002118658761,0.7961894957941091,2.2888888888888888,206,72,0.7819943391419093,116
2024-10-29,97,97,0.7897811587687394,0.7937300002894646,2.1752577319587627,211,73,0.790660271827756,114
2024-10-30,82,82,0.7793074237717775,0.7771869411292291,2.4146341463414633,198,63,0.7710296081456446,116
2024-10-31,111,111,0.7858952148871087,0.7902989596453733,1.936936936936937,215,74,0.7472031145337729,104
2024-11-01,88,88,0.78767739185461,0.7890410065496202,1.9204545454545454,169,64,0.7941913580295644,81
2024-11-02,95,95,0.7744723784972825,0.7776386075175078,2.2842105263157895,217,77,0.7570781492727942,122
2024-11-03,99,99,0.8009595147687256,0.8031295747314209,2.2525252525252526,223,71,0.7836067876453562,124
2024-11-04,95,95,0.7979507616839265,0.8029134968524503,2.0631578947368423,196,71,0.7809488114816137,101
2024-11-05,101,101,0.8080642796575885,0.8102108200335745,2.1485148514851486,217,79,0.8073529316049617,116
2024-11-06,99,99,0.8476564360722199,0.850828593349353,2.1717171717171717,215,72,0.8205702772974487,116
2024-11-07,104,104,0.8035762599601788,0.8119809846716038,2.1153846153846154,220,67,0.7857594191324365,116
2024-11-08,102,102,0.7732155890990292,0.7734211989055164,1.7549019607843137,179,65,0.7548751238453025,77
2024-11-09,92,92,0.8239589912022104,0.8242756094257581,2.358695652173913,217,64,0.7841971182857388,125
2024-11-10,117,117,0.8043737820057746,0.8092835230519457,1.982905982905983,232,63,0.7859345644671802,115
2024-11-11,99,99,0.782744380500984,0.7830446557442395,2.191919191919192,217,81,0.7367188811018467,118
2024-11-12,105,105,0.7611627369826848,0.7659708711349464,2.361904761904762,248,83,0.765274700150799,143
2024-11-13,102,102,0.7751344394185355,0.7829880002737305,1.8235294117647058,186,56,0.7527489285889962,84
2024-11-14,98,98,0.8046361031553342,0.8078280249439707,2.2346938775510203,219,79,0.7657659256002857,121
2024-11-15,86,86,0.80637987344367,0.8079046042983689,2.0,172,57,0.7980820666436592,86
2024-11-16,90,90,0.7319750737693322,0.7308309415526982,1.8777777777777778,169,61,0.7365388778119386,79
2024-11-17,100,100,0.8046517311379379,0.8123709067492186,2.19,219,63,0.784165137945489,119
2024-11-18,88,88,0.8018549081253673,0.8034104915214872,2.034090909090909,179,62,0.7692362472570311,91
2024-11-19,138,138,0.7600843953632382,0.7633413424890724,2.1666666666666665,299,87,0.7573040916381077,161
2024-11-20,88,88,0.7795110105756262,0.7844501819286069,2.1931818181818183,193,61,0.7726656618029889,105
2024-11-21,88,88,0.7748687651843742,0.7780062414337945,2.25,198,70,0.7683823408290598,110
2024-11-22,94,94,0.7753905798677289,0.781695896305778,2.425531914893617,228,78,0.7540147709284643,134
2024-11-23,84,84,0.7585809172700936,0.7647110170663295,2.2857142857142856,192,61,0.7420606684110148,108
2024-11-24,90,90,0.7761736650698541,0.7783410153796506,2.088888888888889,188,61,0.7539842648312426,98
2024-11-25,93,93,0.7905712218361413,0.78807505597281,2.4408602150537635,227,76,0.7511845932352325,134
2024-11-26,105,105,0.7898339279302137,0.7887596274401637,1.723809523809524,181,53,0.7608204183812192,76
2024-11-27,102,102,0.7821795697273024,0.7867570346006382,2.0098039215686274,205,74,0.7780668774313703,103
2024-11-28,91,91,0.8103152883063808,0.8133401311246136,1.835164835164835,167,62,0.7758444845623599,76
2024-11-29,90,90,0.7977923904611877,0.8047505384966158,2.1,189,61,0.8080033758408877,99
2024-11-30,95,95,0.8071699629836158,0.8118849077269883,1.9157894736842105,182,55,0.7869461470015069,87
2024-12-01,114,114,0.8326203453362547,0.8342125277025031,1.9736842105263157,225,65,0.8269601404680248,111
2024-12-02,121,121,0.8231338165662712,0.8297468723420746,2.190082644628099,265,81,0.8274102277215455,144
2024-12-03,131,131,0.803041018645356,0.8111811751185652,1.916030534351145,251,60,0.7958132039003694,120
2024-12-04,101,101,0.7987885418755529,0.8071658093478156,2.217821782178218,224,66,0.7920097062733172,123
2024-12-05,114,114,0.8320681091771163,0.8368659310977647,2.017543859649123,230,68,0.8097010505987919,116
2024-12-06,101,101,0.8274873552185169,0.8329413122624739,1.4455445544554455,146,47,0.806544275631726,45
2024-12-07,111,111,0.845683772696497,0.8460665202468232,1.9009009009009008,211,68,0.8111307778821105,100
2024-12-08,143,143,0.8213711514833139,0.824409083923093,1.5804195804195804,226,70,0.7988223795827666,83
2024-12-09,96,96,0.8304101798655465,0.8392054884478869,2.0520833333333335,197,50,0.8061672273182732,101
2024-12-10,113,113,0.823807925727659,0.831291579278858,1.9823008849557522,224,73,0.8061477019386718,111
2024-12-11,116,116,0.7859182637521445,0.790193467126699,2.5,290,94,0.7694266804329742,174
2024-12-12,98,98,0.857846207687072,0.8604251541928487,1.9081632653061225,187,59,0.8285587583617511,89
2024-12-13,99,99,0.8165441982861048,0.8196151717656139,1.6161616161616161,160,59,0.8170290428972493,61
2024-12-14,99,99,0.814526031366187,0.8187442191957824,2.1515151515151514,213,61,0.8068692128805613,114
2024-12-15,96,96,0.7976294427637941,0.7990213423661224,1.7604166666666667,169,53,0.7868179959113344,73
2024-12-16,106,106,0.8140049368675818,0.8225980735990911,2.2358490566037736,237,71,0.7588245742145583,131
2024-12-17,114,114,0.8283949330450905,0.8318049783015138,2.0789473684210527,237,70,0.8121690949143142,123
2024-12-18,113,113,0.7770137313436295,0.7853083624012707,2.0088495575221237,227,68,0.7397716186532295,114
2024-12-19,91,91,0.7997485265635388,0.8043610006593702,2.340659340659341,213,81,0.8019735422806997,122
2024-12-20,119,119,0.8041208128014804,0.8088262622394714,1.8991596638655461,226,70,0.7785850392394565,107
2024-12-21,93,93,0.8153667188479922,0.8170935757447361,1.903225806451613,177,62,0.7768737947744426,84
2024-12-22,109,109,0.8218319053243972,0.8275771254684539,2.055045871559633,224,55,0.7956491776838132,115
2024-12-23,88,88,0.8331109393661316,0.8353183775325662,2.215909090909091,195,70,0.8139866371006104,107
2024-12-24,120,120,0.7938354577350624,0.7972194434396632,2.0,240,75,0.7972911135641447,120
2024-12-25,156,156,0.8419738694674285,0.8431325301488776,1.8525641025641026,289,85,0.8181127766833239,133
2024-12-26,90,90,0.8565573671280602,0.8550395893987659,1.9777777777777779,178,57,0.8162699747251667,88
2024-12-27,114,114,0.8026075650045145,0.8050900094673916,1.868421052631579,213,74,0.7969755725500027,99
2024-12-28,126,126,0.8089236169950776,0.8147205747854215,2.8015873015873014,353,102,0.7785825647305649,227
2024-12-29,114,114,0.828527532549972,0.8346189652463457,2.0,228,67,0.7911325076188701,114
2024-12-30,104,104,0.8176946300830324,0.8211042469477956,2.0288461538461537,211,58,0.791209020967908,107
2024-12-31,100,100,0.8652711753809653,0.8688120214177347,1.98,198,64,0.8459239689111694,98
2025-01-01,109,109,0.8453649323571936,0.8462850152521922,2.036697247706422,222,59,0.7958749827378726,113
2025-01-02,123,123,0.7962745208405307,0.8057748448640759,2.4959349593495936,307,95,0.7721573838767882,184
2025-01-03,107,107,0.807895035262061,0.8074897056045355,1.925233644859813,206,52,0.8072354306203307,99
2025-01-04,139,139,0.7748154475149306,0.7793343040589891,2.0215827338129495,281,77,0.7697063132408798,142
2025-01-05,135,135,0.7793345421310612,0.7765362836238823,2.533333333333333,342,87,0.7805402794646314,207
2025-01-06,131,131,0.8186893155594082,0.8217023719369176,2.351145038167939,308,83,0.7752747466585048,177
2025-01-07,104,104,0.7935589363775372,0.7939324877848765,2.730769230769231,284,88,0.7909235632019147,180
2025-01-08,143,143,0.7929116690942581,0.7934885490665894,2.4545454545454546,351,98,0.7585594512065044,208
2025-01-09,105,105,0.822167296144747,0.8249531534074183,2.419047619047619,254,74,0.7874798913449912,149
2025-01-10,119,119,0.799975203019076,0.8085531562446198,2.9243697478991595,348,91,0.769025954073328,229
2025-01-11,112,112,0.8173738943261569,0.8210057577528068,2.1517857142857144,241,74,0.7675521109299567,129
2025-01-12,111,111,0.8101659954724812,0.8133317982028446,2.09009009009009,232,70,0.7913554605417901,121
2025-01-13,116,116,0.8328256371363507,0.8345421845799538,1.9913793103448276,231,67,0.8090275150162265,115
2025-01-14,104,104,0.7991019487768914,0.8092759814295273,2.0865384615384617,217,66,0.7636197409948852,113
2025-01-15,124,124,0.811333852616005,0.8148798128693365,2.3306451612903225,289,73,0.7727538363115944,165
2025-01-16,122,122,0.8113708753602736,0.8164034281102636,1.8770491803278688,229,70,0.7946572998703831,107
2025-01-17,111,111,0.7971808142241551,0.7977473479494953,2.171171171171171,241,85,0.7598678357345471,130
2025-01-18,108,108,0.7871387742636898,0.7921697784010785,2.1481481481481484,232,66,0.7643963399802984,124
2025-01-19,143,143,0.7941027357037255,0.7975662224325085,2.2447552447552446,321,76,0.7904709648736656,178
2025-01-20,132,132,0.8137284938471541,0.8134669925630499,1.8333333333333333,242,60,0.8003601270079327,110
2025-01-21,181,181,0.8077492130990924,0.8086567142070623,1.861878453038674,337,85,0.8034650356313098,156
2025-01-22,148,148,0.7936804204711937,0.7952663445629629,2.108108108108108,312,83,0.7775352923835238,164
2025-01-23,112,112,0.7809187133504604,0.7875205553280632,1.9285714285714286,216,62,0.7440742085682353,104
2025-01-24,114,114,0.778822035386571,0.7770715273081064,2.6140350877192984,298,92,0.7827053141982382,184
2025-01-25,126,126,0.7850927258882731,0.789512932411625,2.357142857142857,297,97,0.7961434103309412,171
2025-01-26,116,116,0.773923641913617,0.7822580908233072,2.413793103448276,280,84,0.749292446423883,164
2025-01-27,109,109,0.7795555484011689,0.7855041792882203,2.532110091743119,276,83,0.7712881070565406,167
2025-01-28,103,103,0.7818940148572061,0.7854760835005505,2.621359223300971,270,82,0.7389732620193312,167
2025-01-29,132,132,0.782149487629118,0.7859102651121058,2.2045454545454546,291,93,0.7805017268326272,159
2025-01-30,114,114,0.8126253637919083,0.8140728686646785,2.3508771929824563,268,76,0.7813756710081918,154
2025-01-31,114,114,0.7708476924661543,0.7788922183090599,2.289473684210526,261,73,0.7528335468814913,147
2025-02-01,117,117,0.806660739051911,0.810738470111593,1.794871794871795,210,69,0.8079493731976892,93
2025-02-02,120,120,0.7959650977510321,0.7985323951388844,1.9666666666666666,236,78,0.7637954753563828,116
2025-02-03,104,104,0.7560640954623448,0.7603079024900462,2.2211538461538463,231,81,0.7305179954351846,127
2025-02-04,145,145,0.8034066443314399,0.8098917832251156,2.331034482758621,338,92,0.7881186381612819,193
2025-02-05,118,118,0.8072294462739721,0.8124775910374762,2.0254237288135593,239,72,0.7918527323684537,121
2025-02-06,107,107,0.799781416298729,0.8041112056395441,2.121495327102804,227,71,0.7681066850060183,120
2025-02-07,116,116,0.7838224775411619,0.7881247660413366,2.1551724137931036,250,82,0.788050006309595,134
2025-02-08,109,109,0.8328826805632233,0.8353408505990647,2.091743119266055,228,56,0.7996624445505932,119
2025-02-09,98,98,0.7915527054314172,0.7937372576959425,2.336734693877551,229,72,0.7643098297661876,131
2025-02-10,88,88,0.7849065152562137,0.7984066486881616,2.227272727272727,196,69,0.7549464753023188,108
2025-02-11,106,106,0.7819064784396672,0.790656939981384,2.207547169811321,234,80,0.7613724291011388,128
2025-02-12,111,111,0.801177451982091,0.803772952683757,2.1621621621621623,240,68,0.7638375451856222,129
2025-02-13,126,126,0.8019398178504689,0.8050135237080969,2.119047619047619,267,80,0.7504442392234711,141
2025-02-14,99,99,0.7489242950108792,0.7493845085786481,1.9898989898989898,197,68,0.7517773008699961,98
2025-02-15,95,95,0.7991295458987642,0.8004260542295292,2.0210526315789474,192,66,0.7765763422846513,97
2025-02-16,119,119,0.7814431853647763,0.7876716096743085,2.4705882352941178,294,81,0.7888260188577367,175
2025-02-17,116,116,0.7770384356694308,0.7780647932090036,2.3017241379310347,267,92,0.7547892071177542,151
2025-02-18,134,134,0.7845341261139793,0.7921874489345792,2.0970149253731343,281,74,0.7637165081714432,147
2025-02-19,154,154,0.7820048852953833,0.7834753733178691,2.292207792207792,353,98,0.76112935708516,199
2025-02-20,135,135,0.7677511457315731,0.7712156604383641,2.533333333333333,342,95,0.7392090027302992,207
2025-02-21,130,130,0.7723084568620828,0.7774384406411174,2.1846153846153844,284,88,0.745539049065315,154
2025-02-22,135,135,0.761225385700118,0.7671366461917489,1.9037037037037037,257,77,0.745725805257247,122
2025-02-23,161,161,0.7996989293033734,0.8029793126273155,2.018633540372671,325,78,0.7958214261249088,164
2025-02-24,152,152,0.7979798536510397,0.8000839128172591,2.1315789473684212,324,87,0.7639405128528148,172
2025-02-25,164,164,0.777948713133396,0.7838464152427095,2.2439024390243905,368,80,0.7602607223187603,204
2025-02-26,149,149,0.7540505046833316,0.7498969175388072,2.3557046979865772,351,94,0.7347916511133027,202
2025-02-27,136,136,0.7915391625117797,0.7994229895093451,2.610294117647059,355,98,0.7707779416124454,219
2025-02-28,146,146,0.8139588829977653,0.8180324699622611,2.0205479452054793,295,79,0.7848556359235135,149
2025-03-01,164,164,0.7706869261237576,0.7761359807414033,2.091463414634146,343,97,0.7401314821982756,179
2025-03-02,216,216,0.7982550913008476,0.7997893789600312,1.9490740740740742,421,99,0.7794500117471629,205
2025-03-03,173,173,0.7821135424661143,0.7801711013716259,2.1098265895953756,365,84,0.743992147814789,192
2025-03-04,147,147,0.7959340051187583,0.7992084066368729,2.1904761904761907,322,101,0.7788693939565309,175
2025-03-05,142,142,0.797185964604255,0.8001948474678666,2.0,284,87,0.79095243856371,142
2025-03-06,128,128,0.7908871981945589,0.7918272608918929,2.0859375,267,79,0.7854612167987525,139
2025-03-07,169,169,0.8053678408575298,0.8108566842831303,1.9112426035502958,323,101,0.793400618243389,154
2025-03-08,140,140,0.8165324221759579,0.821106123838745,1.8857142857142857,264,67,0.7862198732934086,124
2025-03-09,146,146,0.7962475150744109,0.8025564717483777,2.1780821917808217,318,87,0.7823870142596324,172
2025-03-10,112,112,0.8155667406820708,0.8194120958200898,1.9375,217,61,0.7920779733998257,105
2025-03-11,129,129,0.7841173842601706,0.791613380885627,2.3488372093023258,303,78,0.7775190369555647,174
2025-03-12,151,151,0.812937881625888,0.8143337945439809,1.880794701986755,284,96,0.7721730647165878,133
2025-03-13,124,124,0.7985263902943531,0.8050819178868982,2.6451612903225805,328,93,0.7760129249226949,204
2025-03-14,119,119,0.821755167879609,0.822790746149982,2.0840336134453783,248,76,0.7956163292346025,129
2025-03-15,141,141,0.811346938641569,0.8127302191299945,2.049645390070922,289,74,0.7840587881998805,148
2025-03-16,122,122,0.7888204368418191,0.7891261190626585,2.221311475409836,271,87,0.7442145550051881,149
2025-03-17,98,98,0.7097494170753151,0.7223807295816964,2.3469387755102042,230,76,0.6980685758154542,132
2025-03-18,128,128,0.7799176326224273,0.780754225793372,2.125,272,90,0.7520000387608564,144
2025-03-19,117,117,0.7684291160948308,0.7703786458535002,1.7777777777777777,208,76,0.7220272788995713,91
2025-03-20,120,120,0.7952916799356358,0.7992586341420863,2.1416666666666666,257,74,0.7898868825595522,137
2025-03-21,116,116,0.7832941103645827,0.7890561663750061,2.103448275862069,244,80,0.7714634105961677,128
2025-03-22,138,138,0.793195708489136,0.7911740610443859,2.181159420289855,301,90,0.775259986747728,163
2025-03-23,160,160,0.7934061130692435,0.7955453426802339,2.30625,369,85,0.7331429091553442,209
2025-03-24,166,166,0.7515965642471713,0.7589527713640633,2.3373493975903616,388,101,0.7407851172656312,222
2025-03-25,124,124,0.7987888243600089,0.8054522278533267,2.338709677419355,290,75,0.7309121152885187,166
2025-03-26,136,136,0.7970840576435199,0.8003289393015337,2.088235294117647,284,91,0.782665880704219,148
2025-03-27,130,130,0.8129343281000525,0.8122704729789118,1.876923076923077,244,69,0.7909802272432599,114
2025-03-28,117,117,0.7889096145892515,0.7929160795215364,2.3333333333333335,273,76,0.7722988662654305,156
2025-03-29,126,126,0.7896066071948893,0.7950256520330753,2.4761904761904763,312,97,0.7719416341830867,186
2025-03-30,114,114,0.7972239464671497,0.7933060694715128,2.3333333333333335,266,77,0.765460436129465,152
2025-03-31,123,123,0.8070198439715184,0.807323233381401,2.1707317073170733,267,70,0.7994486459368921,144
2025-04-01,142,142,0.777634481267904,0.7784330152438977,2.23943661971831,318,82,0.7556486323635468,176
2025-04-02,123,123,0.76081816023021,0.7656610501056831,2.292682926829268,282,86,0.746062398581882,159
2025-04-03,126,126,0.7824093603444097,0.7866501088701499,2.7222222222222223,343,96,0.7616844150630023,217
2025-04-04,135,135,0.7736673430531146,0.7787833526440773,2.511111111111111,339,90,0.7269334810450042,204
2025-04-05,156,156,0.7661825677485083,0.7692620813677989,2.33974358974359,365,94,0.7484924809529615,209
2025-04-06,146,146,0.8119936808711576,0.8152443157135956,1.8767123287671232,274,71,0.7731414163051277,128
2025-04-07,126,126,0.7953837750056222,0.8008510595099755,1.9682539682539681,248,67,0.7546966519922876,122
2025-04-08,121,121,0.7926513508340471,0.8022366459353522,2.1818181818181817,264,69,0.7446889130319274,143
2025-04-09,156,156,0.7591954638670532,0.7615756539970098,2.5128205128205128,392,104,0.7513974500976284,236
2025-04-10,126,126,0.7750417076786373,0.7793659426612398,2.0714285714285716,261,82,0.7436464304432929,135
2025-04-11,116,116,0.7906355256559837,0.796440962779482,2.043103448275862,237,73,0.7687944204851541,121
2025-04-12,139,139,0.7693505939119203,0.7762181058835763,2.460431654676259,342,92,0.7421450288773408,203
2025-04-13,118,118,0.7581125956939929,0.7620168601674402,1.8898305084745763,223,57,0.7589865839197605,105
2025-04-14,114,114,0.7789999307396512,0.7791657999844763,2.0964912280701755,239,78,0.7563833605552402,125
2025-04-15,123,123,0.764368076558438,0.7738663044918467,2.1463414634146343,264,87,0.7340220055721236,141
2025-04-16,119,119,0.7775402845517406,0.7763028849212845,2.2184873949579833,264,71,0.7757864374183422,145
2025-04-17,122,122,0.8220462765097605,0.8311590732082907,2.0245901639344264,247,84,0.7893650041273649,125
2025-04-18,132,132,0.805259618823241,0.8073324488271044,1.9242424242424243,254,74,0.7900685037412679,122
2025-04-19,129,129,0.7849921786876969,0.794471457275259,1.9689922480620154,254,73,0.7568386937966581,125
2025-04-20,138,138,0.8128305547367652,0.8146639754488357,2.289855072463768,316,90,0.7783008324845414,178
2025-04-21,145,145,0.8041481360521826,0.8078452540310939,1.8275862068965518,265,72,0.7854899984852404,120
2025-04-22,133,133,0.7663872250004822,0.772775985391992,1.8345864661654134,244,76,0.7534516357275453,111
2025-04-23,144,144,0.8026073713281087,0.8076303989969754,2.1666666666666665,312,96,0.7751877304592066,168
2025-04-24,131,131,0.8124255687830573,0.8174959378149209,2.33587786259542,306,90,0.7653615657153405,175
2025-04-25,137,137,0.7844506350152943,0.7878621106409217,1.9854014598540146,272,81,0.7550337650522394,135
2025-04-26,133,133,0.8152252351089336,0.8208820931914501,1.9473684210526316,259,55,0.7902291856029207,126
2025-04-27,127,127,0.8196122222508687,0.821795562897754,1.8818897637795275,239,68,0.7893467748013493,112
2025-04-28,150,150,0.7735987006356031,0.7793201603021533,1.96,294,86,0.731741600922393,144
2025-04-29,119,119,0.782653485235455,0.7821794340068385,2.2184873949579833,264,82,0.7737739878505849,145
2025-04-30,130,130,0.7690128318976724,0.7680794002834587,1.9923076923076923,259,68,0.7668373536710289,129
2025-05-01,127,127,0.8149298035374448,0.8167308128964159,1.7007874015748032,216,73,0.7912874198360045,89
2025-05-02,136,136,0.7773483378345125,0.7795249427478739,1.8823529411764706,256,72,0.7752118674550215,120
2025-05-03,104,104,0.7612419142517012,0.7663632669494022,1.8942307692307692,197,60,0.7602520312094666,93
2025-05-04,131,131,0.7960193053199013,0.7995618293064634,2.2519083969465647,295,86,0.750108633240264,164
2025-05-05,160,160,0.8221702870647232,0.825410500564054,2.14375,343,96,0.7664060918002713,183
2025-05-06,153,153,0.8036055773284638,0.8064904306561631,2.130718954248366,326,83,0.7891004289939343,173
2025-05-07,153,153,0.776636370932957,0.779961683420041,2.0,306,83,0.7713349446553033,153
2025-05-08,8,8,0.6761447292167716,0.7027657087644344,5.375,43,25,0.63967758016733,35
2025-09-01,85,85,0.8178960334913007,0.8162474861703989,1.6588235294117648,141,52,0.7949181230561291,56
2025-09-02,68,68,0.7606008801073094,0.7627331735841639,2.176470588235294,148,46,0.754764028681367,80
2025-09-03,89,89,0.7799538269266614,0.7823111904635803,2.3258426966292136,207,64,0.7782889508379334,118
2025-09-04,65,65,0.8287730658165374,0.8377066704662022,1.9846153846153847,129,39,0.8002923428367411,64
2025-09-05,91,91,0.7879566128656137,0.7908101181515573,2.0549450549450547,187,67,0.7690969089448527,96
2025-09-06,97,97,0.8167758271625284,0.8168921840419682,1.711340206185567,166,54,0.797253621032377,69
2025-09-07,116,116,0.7624371290673897,0.7683845619359823,2.1120689655172415,245,77,0.740739580440115,129
2025-09-08,90,90,0.7778468173999958,0.7746605039228175,2.1666666666666665,195,62,0.7589505929077202,105
2025-09-09,74,74,0.7800384656460094,0.7830689028173963,2.6216216216216215,194,71,0.7394040076372609,120
2025-09-10,68,68,0.8170950679803224,0.8253002535863833,2.3088235294117645,157,53,0.8275505065806097,89
2025-09-11,89,89,0.7400544318616296,0.7505540970488799,2.3146067415730336,206,64,0.6763859922606874,117
2025-09-12,92,92,0.8199496820329574,0.8205060452058222,2.217391304347826,204,66,0.8044425885528973,112
2025-09-13,89,89,0.8091741964697907,0.8073763687406895,2.056179775280899,183,72,0.7762802365321089,94
2025-09-14,84,84,0.7710081297938587,0.7823744376423133,1.9761904761904763,166,55,0.7687506554809934,82
2025-09-15,82,82,0.7880931273375628,0.7917529660638937,2.3292682926829267,191,64,0.791556137729183,109
2025-09-16,82,82,0.7712942699681221,0.7784495482440736,2.0121951219512195,165,65,0.7241706061470762,83
2025-09-17,85,85,0.8310107506040463,0.8369806908919789,2.0823529411764707,177,53,0.7966504917696816,92
2025-09-18,77,77,0.8100310094147443,0.8214564558764303,1.9090909090909092,147,48,0.7869934862351724,70
2025-09-19,89,89,0.8311010488635373,0.8357190355330484,1.7865168539325842,159,46,0.7979121458257317,70
2025-09-20,87,87,0.8253262506279305,0.8240884685449662,1.9540229885057472,170,59,0.8099034066198346,83
2025-09-21,103,103,0.8301026971658403,0.8321405379724992,1.6990291262135921,175,58,0.8090607202335409,72
2025-09-22,84,84,0.839399935907271,0.8438707178478938,1.8452380952380953,155,50,0.7764025740657164,71
2025-09-23,95,95,0.8043094593932673,0.8065680895262289,1.5789473684210527,150,46,0.7888594681208024,55
2025-09-24,87,87,0.7712542388444622,0.7711183631157976,1.6091954022988506,140,46,0.7504833086453723,53
2025-09-25,87,87,0.8142705793523969,0.8142925404114203,2.0344827586206895,177,61,0.786936383051462,90
2025-09-26,88,88,0.8269678310470833,0.83090733261202,2.5113636363636362,221,69,0.7828388185373417,133
2025-09-27,120,120,0.786620430590059,0.7898864120233905,2.1083333333333334,253,70,0.7847903752221251,133
2025-09-28,99,99,0.7791200405412797,0.7842970156126811,2.2626262626262625,224,72,0.7633764311755427,125
2025-09-29,80,80,0.7888687781764969,0.7937028940763957,1.7,136,49,0.7654047638908816,56
2025-09-30,94,94,0.8174709106638193,0.8259759044514731,2.021276595744681,190,69,0.7904017814585595,96
2025-10-01,95,95,0.8216887263758131,0.824329233247589,1.831578947368421,174,56,0.7929636775623453,79
2025-10-02,71,71,0.793781386639168,0.7919486325733305,1.8169014084507042,129,50,0.7716863867287362,58
2025-10-03,71,71,0.84555260157454,0.8565317968792752,2.0422535211267605,145,53,0.8174760453147153,74
2025-10-04,92,92,0.7777121795637219,0.7779301090610339,2.010869565217391,185,53,0.7869628329689766,93
2025-10-05,82,82,0.7886120376847652,0.7997359544480979,2.0365853658536586,167,50,0.7868424282594981,85
2025-10-06,89,89,0.8356950550970266,0.8412127141985377,1.9775280898876404,176,45,0.8058243846090692,87
2025-10-07,106,106,0.77226308750077,0.7821759962284146,1.830188679245283,194,59,0.7199128694299815,88
2025-10-08,100,100,0.7753282522657083,0.7813883101906106,1.94,194,63,0.762404118643961,94
2025-10-09,93,93,0.803240501060108,0.8085024002192788,2.182795698924731,203,66,0.8099988539007699,110
2025-10-10,72,72,0.7760681329437955,0.7811763265200017,2.4166666666666665,174,55,0.7501459697471047,102
2025-10-11,104,104,0.8205579593037062,0.8202072751549356,2.0096153846153846,209,60,0.7820265102080107,105
2025-10-12,120,120,0.8531376845028665,0.8570810467533111,1.9,228,61,0.8310694024118651,108
2025-10-13,105,105,0.7950044360576367,0.7991398810013208,2.1523809523809523,226,76,0.7356499866616315,121
2025-10-14,9,9,0.6525161155488021,0.6494590269470657,1.5555555555555556,14,10,0.6782025315399681,5
