video_date,video_n,journey_n,avg_journey_sentiment,avg_journey_sentiment_frame,avg_stops_per_journey,total_stop_n,unique_poi_n,avg_stop_sentiment,total_edge_n
2019-09-25,1,1,0.8611689805984497,0.8693679173787435,2.0,2,2,0.8611689805984497,1
2019-10-11,1,1,0.9263955354690552,0.9263955354690552,1.0,1,1,0.9263955354690552,0
2020-05-04,1,1,0.5879071801900864,0.5879071801900864,2.0,2,2,0.5879071801900864,1
2020-05-22,1,1,0.9229393601417542,0.9229393601417542,1.0,1,1,0.9229393601417542,0
2020-05-27,1,1,0.3101831674575805,0.3101831674575805,1.0,1,1,0.3101831674575805,0
2020-06-05,1,1,0.8154198825359344,0.8154198825359344,4.0,4,3,0.8154198825359344,3
2020-08-14,1,1,0.8589520752429962,0.8589520752429962,2.0,2,2,0.8589520752429962,1
2021-01-24,1,1,0.0472508482635021,0.0472508482635021,1.0,1,1,0.0472508482635021,0
2021-04-16,1,1,0.9643622040748596,0.9643622040748596,1.0,1,1,0.9643622040748596,0
2021-05-03,1,1,0.7704189419746399,0.7704189419746399,1.0,1,1,0.7704189419746399,0
2021-05-26,1,1,0.8022487759590149,0.8022487759590149,2.0,2,2,0.8022487759590149,1
2021-08-09,2,2,0.752609133720398,0.752609133720398,1.0,2,2,0.752609133720398,0
2021-08-17,1,1,0.8799286305904388,0.8799286305904388,1.0,1,1,0.8799286305904388,0
2021-09-26,1,1,0.790723443031311,0.790723443031311,1.0,1,1,0.790723443031311,0
2021-10-16,1,1,0.889679491519928,0.889679491519928,1.0,1,1,0.889679491519928,0
2021-12-15,1,1,0.8460379838943481,0.8460379838943481,1.0,1,1,0.8460379838943481,0
2022-01-25,2,2,0.717630747705698,0.7063551545143127,2.5,5,3,0.716398149728775,3
2022-02-20,1,1,0.8763022184371948,0.8599500485828945,5.0,5,5,0.8763022184371948,4
2022-03-25,1,1,0.8216429278254509,0.8402410984039307,4.0,4,4,0.8216429278254509,3
2022-04-01,1,1,0.502498209476471,0.502498209476471,2.0,2,2,0.502498209476471,1
2022-04-07,1,1,0.8393940130869547,0.8393940130869547,1.0,1,1,0.8393940130869547,0
2022-06-01,1,1,0.5939111709594727,0.5939111709594727,1.0,1,1,0.5939111709594727,0
2022-06-15,1,1,0.4348975755274296,0.4348975755274296,4.0,4,4,0.4348975755274296,3
2022-06-22,2,2,0.4141106912866234,0.4181464535828966,5.5,11,9,0.7426953032951463,9
2022-07-08,1,1,0.759127656618754,0.759127656618754,1.0,1,1,0.759127656618754,0
2022-07-10,1,1,0.3950867159292102,0.3950867159292102,1.0,1,1,0.3950867159292102,0
2022-07-11,2,2,0.5718098785728216,0.6006098799407482,1.5,3,3,0.541342981159687,1
2022-07-22,1,1,0.7815565961146993,0.7373415649635717,7.0,7,5,0.7815565961146993,6
2022-08-06,1,1,0.8955859343210856,0.8955859343210856,1.0,1,1,0.8955859343210856,0
2022-08-17,1,1,0.7654213905334473,0.7654213905334473,1.0,1,1,0.7654213905334473,0
2022-08-18,1,1,0.2748879666129748,0.23873370513319966,3.0,3,3,0.2748879666129748,2
2022-08-28,1,1,0.8336505889892578,0.8336505889892578,1.0,1,1,0.8336505889892578,0
2022-09-04,1,1,0.8474395461380482,0.8440006613731384,8.0,8,4,0.8474395461380482,7
2022-09-18,1,1,0.7052934169769287,0.7052934169769287,2.0,2,2,0.7052934169769287,1
2022-09-19,1,1,0.893589973449707,0.893589973449707,1.0,1,1,0.893589973449707,0
2022-09-23,1,1,0.0238400660455226,0.0238400660455226,1.0,1,1,0.0238400660455226,0
2022-10-13,1,1,0.239877387881279,0.239877387881279,1.0,1,1,0.239877387881279,0
2022-10-16,2,2,0.45816688798367977,0.45816688798367977,1.0,2,2,0.45816688798367977,0
2022-11-02,1,1,0.47421576827764506,0.47421576827764506,1.0,1,1,0.47421576827764506,0
2022-11-09,1,1,0.8374931644648314,0.8349843762422863,8.0,8,7,0.8374931644648314,7
2022-11-15,1,1,0.688427597284317,0.688427597284317,2.0,2,2,0.688427597284317,1
2022-11-22,1,1,0.7300428549448649,0.7300428549448649,3.0,3,3,0.7300428549448649,2
2022-11-23,1,1,0.175742395222187,0.175742395222187,1.0,1,1,0.175742395222187,0
2022-11-28,1,1,0.7539495825767517,0.7539495825767517,1.0,1,1,0.7539495825767517,0
2022-11-29,1,1,0.7944225867589315,0.7944225867589315,3.0,3,3,0.7944225867589315,2
2022-12-01,1,1,0.928034007549286,0.928034007549286,1.0,1,1,0.928034007549286,0
2022-12-04,1,1,0.12013287842273711,0.12013287842273711,2.0,2,2,0.12013287842273711,1
2022-12-09,1,1,0.56906908005476,0.56906908005476,1.0,1,1,0.56906908005476,0
2022-12-13,1,1,0.7260645591550403,0.7526954568922519,15.0,15,9,0.7260645591550403,14
2022-12-14,1,1,0.7545273810625076,0.792402271181345,5.0,5,5,0.7545273810625076,4
2022-12-21,1,1,0.1766774505376815,0.1766774505376815,1.0,1,1,0.1766774505376815,0
2022-12-26,1,1,0.8639799356460571,0.8639799356460571,1.0,1,1,0.8639799356460571,0
2022-12-30,1,1,0.3912743569662173,0.373133747279644,9.0,9,4,0.3912743569662173,8
2023-01-04,1,1,0.8967849910259247,0.8967849910259247,1.0,1,1,0.8967849910259247,0
2023-01-07,1,1,0.7127214074134827,0.7127214074134827,1.0,1,1,0.7127214074134827,0
2023-01-13,2,2,0.6856170628840724,0.6856170628840724,2.5,5,5,0.6473128121346235,3
2023-01-14,1,1,0.4850352642436822,0.4719180967658758,3.0,3,3,0.4850352642436822,2
2023-01-15,4,4,0.661638076339538,0.6478413269668818,2.5,10,8,0.6882742814409236,6
2023-01-16,1,1,0.0373993068933486,0.0373993068933486,1.0,1,1,0.0373993068933486,0
2023-01-17,2,2,0.6747672694700736,0.7859863698100433,2.5,5,4,0.6319591901037429,3
2023-01-18,4,4,0.6875358665775921,0.7068836418673015,2.75,11,10,0.5819670640383706,7
2023-01-20,2,2,0.7803959250450134,0.7803959250450134,1.5,3,2,0.7794118026892344,1
2023-01-22,2,2,0.2671945868059992,0.2671945868059992,1.5,3,3,0.19140109792351714,1
2023-01-23,1,1,0.4550848305225372,0.4550848305225372,1.0,1,1,0.4550848305225372,0
2023-01-26,1,1,0.5426390469074249,0.5426390469074249,1.0,1,1,0.5426390469074249,0
2023-01-28,2,2,0.6878433470420229,0.7065332977605674,3.0,6,4,0.659088254718679,4
2023-01-29,1,1,0.8804843255451748,0.8804843255451748,1.0,1,1,0.8804843255451748,0
2023-01-31,1,1,0.38735916279256344,0.38735916279256344,2.0,2,2,0.38735916279256344,1
2023-02-01,1,1,0.6636946201324463,0.641583522160848,2.0,2,2,0.6636946201324463,1
2023-02-02,1,1,0.8254008889198303,0.8254008889198303,1.0,1,1,0.8254008889198303,0
2023-02-03,1,1,0.0197147186845541,0.0197147186845541,1.0,1,1,0.0197147186845541,0
2023-02-05,1,1,0.8663800358772278,0.8663800358772278,1.0,1,1,0.8663800358772278,0
2023-02-06,3,3,0.6827513865298694,0.6833955665429433,1.3333333333333333,4,4,0.6661802555123965,1
2023-02-07,3,3,0.7782013217608134,0.8031999733712937,1.3333333333333333,4,3,0.7576269879937172,1
2023-02-09,1,1,0.8273760825395584,0.8273760825395584,1.0,1,1,0.8273760825395584,0
2023-02-11,4,4,0.6588507215252205,0.6598272629152422,1.25,5,5,0.718076820776517,1
2023-02-12,1,1,0.4103325307369232,0.4103325307369232,1.0,1,1,0.4103325307369232,0
2023-02-13,3,3,0.5850165825386189,0.5994827660249064,6.0,18,9,0.6518068394258792,15
2023-02-14,2,2,0.6295438404195011,0.5796357109876615,3.0,6,4,0.5544572714716196,4
2023-02-15,2,2,0.7926823492679331,0.8182486093913516,2.0,4,4,0.74800728696088,2
2023-02-16,1,1,0.5866513426105182,0.6214924417436123,2.0,2,2,0.5866513426105182,1
2023-02-17,1,1,0.5385531196370721,0.5385531196370721,1.0,1,1,0.5385531196370721,0
2023-02-19,1,1,0.483161503324906,0.627758864313364,6.0,6,5,0.483161503324906,5
2023-02-20,1,1,0.1720481961965561,0.1720481961965561,1.0,1,1,0.1720481961965561,0
2023-02-21,3,3,0.6507739557160271,0.6507739557160271,1.3333333333333333,4,4,0.678330714503924,1
2023-02-22,2,2,0.7342025885979335,0.7342025885979335,2.0,4,3,0.7553014233708382,2
2023-02-23,3,3,0.6921236194732288,0.6648671672741572,4.0,12,11,0.6807341966933261,9
2023-02-24,3,3,0.5874216142627927,0.6062194092406167,2.0,6,6,0.6019529600938162,3
2023-02-25,6,6,0.497963241449306,0.45311891439336316,3.5,21,17,0.49215089190590816,15
2023-02-26,5,5,0.49808209132637593,0.5266130839805636,4.6,23,15,0.5069930809168944,18
2023-02-27,5,5,0.724057024906552,0.7369739714335827,4.2,21,19,0.6503755355638171,16
2023-02-28,4,4,0.6795962427136009,0.6213181372970724,2.25,9,7,0.5889415639995124,5
2023-03-01,3,3,0.6557538565248251,0.6557538565248251,1.6666666666666667,5,4,0.6526753850281238,2
2023-03-02,1,1,0.8609627485275269,0.8609627485275269,1.0,1,1,0.8609627485275269,0
2023-03-03,3,3,0.7551275889078776,0.7884524034129249,2.3333333333333335,7,7,0.7307040861674717,4
2023-03-04,3,3,0.684724987105087,0.704978102019855,1.6666666666666667,5,4,0.6695811579624812,2
2023-03-05,2,2,0.5183501288760454,0.641694900224961,4.5,9,9,0.521212549880147,7
2023-03-06,4,4,0.8812645758812626,0.8812645758812626,1.0,4,4,0.8812645758812626,0
2023-03-07,4,4,0.6586823712031429,0.671025670443972,4.75,19,16,0.6660078796639777,15
2023-03-08,1,1,0.8854336142539978,0.8854336142539978,1.0,1,1,0.8854336142539978,0
2023-03-09,7,7,0.622086520495776,0.5822294544529955,3.0,21,14,0.4762861360331191,14
2023-03-10,4,4,0.6839591941485803,0.6859482429921627,2.0,8,7,0.6243578406671683,4
2023-03-11,10,10,0.669631521794945,0.6715985907301573,2.9,29,21,0.6301437956291711,19
2023-03-12,4,4,0.782707445633908,0.7846915414556861,2.75,11,7,0.7150233588886983,7
2023-03-13,3,3,0.6699788639038508,0.7316968751967864,13.0,39,24,0.6827744329353039,36
2023-03-14,5,5,0.558083116221759,0.5077863516658544,1.6,8,7,0.5297319283191528,3
2023-03-16,1,1,0.8571481009324392,0.8571481009324392,1.0,1,1,0.8571481009324392,0
2023-03-17,2,2,0.4077683575451374,0.4077683575451374,1.5,3,3,0.5329446817437807,1
2023-03-18,1,1,0.8611011207103729,0.8611011207103729,1.0,1,1,0.8611011207103729,0
2023-03-19,1,1,0.4016488268971443,0.4016488268971443,2.0,2,2,0.4016488268971443,1
2023-03-20,1,1,0.17477224022150037,0.17477224022150037,2.0,2,2,0.17477224022150037,1
2023-03-21,6,6,0.6582875535306003,0.6409739262113968,2.1666666666666665,13,10,0.7332010014125934,7
2023-03-22,2,2,0.8400011857350667,0.8425891200701396,2.5,5,5,0.8413632929325103,3
2023-03-23,2,2,0.8166456744074821,0.8166456744074821,1.5,3,3,0.7919175128142039,1
2023-03-24,2,2,0.7005980564281344,0.7005980564281344,2.5,5,4,0.5953025028109551,3
2023-03-25,1,1,0.39181119203567505,0.39181119203567505,2.0,2,2,0.39181119203567505,1
2023-03-26,1,1,0.6629575259155697,0.7921776864677668,7.0,7,7,0.6629575259155697,6
2023-03-27,6,6,0.5606538232162962,0.5659222873996702,1.6666666666666667,10,9,0.6093760950408048,4
2023-03-28,4,4,0.8221300679142587,0.8282696280964754,2.75,11,9,0.7293315638618713,7
2023-03-29,1,1,0.2123843431472778,0.2123843431472778,1.0,1,1,0.2123843431472778,0
2023-03-30,2,2,0.6590117102799316,0.6459489458551009,4.0,8,5,0.592476839859349,6
2023-03-31,3,3,0.7881457270295531,0.7806839379999372,2.6666666666666665,8,8,0.7672706867257754,5
2023-04-01,2,2,0.8459950685501099,0.8459950685501099,1.5,3,3,0.8205527265866598,1
2023-04-02,9,9,0.6776644999640712,0.6811324572427184,5.888888888888889,53,33,0.6294860887874223,44
2023-04-03,2,2,0.3484898582100868,0.3484898582100868,1.5,3,3,0.40874559183915454,1
2023-04-04,3,3,0.5244510257669858,0.5086381940378083,2.3333333333333335,7,6,0.7201382612391394,4
2023-04-05,1,1,0.5108826555078849,0.40157649027449743,4.0,4,4,0.5108826555078849,3
2023-04-06,1,1,0.508936820179224,0.5501973709712425,5.0,5,5,0.508936820179224,4
2023-04-07,2,2,0.5000387690961361,0.5000387690961361,1.0,2,2,0.5000387690961361,0
2023-04-08,4,4,0.48968092127082247,0.5068055095949343,1.75,7,6,0.47642704884388615,3
2023-04-09,2,2,0.8734201826155186,0.8878392393772419,1.5,3,3,0.8538243820269903,1
2023-04-10,8,8,0.5890352319149921,0.5785382031057126,4.125,33,23,0.6593361866268446,25
2023-04-11,1,1,0.5640949163585901,0.6451799165871408,8.0,8,8,0.5640949163585901,7
2023-04-12,4,4,0.654156442079693,0.654156442079693,2.25,9,9,0.6381688557979133,5
2023-04-13,2,2,0.6020477081959447,0.6996717634610832,2.5,5,5,0.6321153136591116,3
2023-04-14,1,1,0.1388569474220276,0.1388569474220276,1.0,1,1,0.1388569474220276,0
2023-04-15,1,1,0.7437620162963867,0.7437620162963867,1.0,1,1,0.7437620162963867,0
2023-04-16,3,3,0.3988997764471504,0.3816308950901859,3.6666666666666665,11,10,0.47210967693139205,8
2023-04-17,1,1,0.805713078379631,0.762409282848239,5.0,5,4,0.805713078379631,4
2023-04-19,4,4,0.8190913439068633,0.8086074636899866,1.25,5,3,0.8226790311156462,1
2023-04-20,2,2,0.8314474354187648,0.8136039197444915,2.0,4,4,0.7770167604088783,2
2023-04-21,2,2,0.7625120878219604,0.7625120878219604,2.0,4,4,0.7367035746574402,2
2023-04-22,3,3,0.4318639688314336,0.45410916156362036,6.0,18,13,0.5998683713105881,15
2023-04-23,5,5,0.5900815310577552,0.6042609482010206,2.2,11,11,0.6100502404751199,6
2023-04-24,1,1,0.5615266181528569,0.554975223328386,2.0,2,2,0.5615266181528569,1
2023-04-25,1,1,0.7587182819843292,0.7587182819843292,1.0,1,1,0.7587182819843292,0
2023-04-26,1,1,0.8722396790981293,0.8722396790981293,2.0,2,2,0.8722396790981293,1
2023-04-27,3,3,0.7719297415956303,0.7539930821016982,2.6666666666666665,8,7,0.7214124590779345,5
2023-04-29,3,3,0.6878431414564451,0.6954357385635376,4.333333333333333,13,8,0.7424529584554526,10
2023-04-30,3,3,0.816693928000325,0.8175625843113336,3.0,9,8,0.7035500928377684,6
2023-05-01,6,6,0.44621027883165226,0.4569078133234547,3.3333333333333335,20,17,0.663075086955602,14
2023-05-02,4,4,0.6153330966376532,0.6153330966376532,3.5,14,9,0.6537322255342708,10
2023-05-03,4,4,0.5989188221089231,0.6364273944093535,3.75,15,13,0.5958485508751538,11
2023-05-04,4,4,0.815167679705403,0.815167679705403,1.25,5,4,0.7998033756559545,1
2023-05-05,3,3,0.689492289390829,0.7289705621925266,2.6666666666666665,8,8,0.6281853411346674,5
2023-05-06,3,3,0.6161823691800237,0.5906105699638525,1.6666666666666667,5,5,0.5779802467674017,2
2023-05-07,3,3,0.7088987078393499,0.6911414406158857,3.3333333333333335,10,8,0.7265777719331284,7
2023-05-08,1,1,0.5629467904567719,0.5629467904567719,5.0,5,5,0.5629467904567719,4
2023-05-09,1,1,0.8099737564722697,0.8099737564722697,3.0,3,3,0.8099737564722697,2
2023-05-10,3,3,0.4759068633947108,0.45611004294857144,3.6666666666666665,11,10,0.519852224398743,8
2023-05-11,4,4,0.7229559666166703,0.6983009157702327,2.25,9,6,0.6780372516424568,5
2023-05-12,3,3,0.8246083358923594,0.823982325338182,2.6666666666666665,8,7,0.8612232394516468,5
2023-05-14,2,2,0.6989516827898721,0.7257377122839292,3.5,7,6,0.5248565781861544,5
2023-05-15,5,5,0.6626830616136263,0.6602070922195782,2.8,14,12,0.7273140299292236,9
2023-05-16,1,1,0.4239866286516189,0.4239866286516189,1.0,1,1,0.4239866286516189,0
2023-05-17,1,1,0.7927269041538239,0.7927269041538239,1.0,1,1,0.7927269041538239,0
2023-05-18,5,5,0.4133389297707213,0.42041031540586393,2.4,12,8,0.4617008995471729,7
2023-05-19,2,2,0.39702641136116446,0.4270370341837406,3.5,7,6,0.46581191108340303,5
2023-05-20,3,3,0.6851186583055154,0.6766823615050979,2.6666666666666665,8,6,0.587323532644881,5
2023-05-21,1,1,0.6097513304557651,0.6098184456988689,16.0,16,15,0.6097513304557651,15
2023-05-22,2,2,0.6106409583950327,0.6371508730465876,5.0,10,9,0.6037798381100099,8
2023-05-23,3,3,0.5089745454973092,0.4941990309609816,4.333333333333333,13,10,0.6782105925660104,10
2023-05-24,6,6,0.5543498786690282,0.5486608438672395,4.166666666666667,25,22,0.6243235412364204,19
2023-05-25,1,1,0.794789582490921,0.794789582490921,1.0,1,1,0.794789582490921,0
2023-05-26,1,1,0.8387811258435249,0.8387811258435249,1.0,1,1,0.8387811258435249,0
2023-05-27,2,2,0.070846633054316,0.070846633054316,1.0,2,2,0.070846633054316,0
2023-05-28,3,3,0.8559903303782145,0.8559903303782145,1.3333333333333333,4,3,0.8507151454687119,1
2023-05-29,2,2,0.6866633987731554,0.6866633987731554,1.5,3,3,0.6215948842917428,1
2023-05-30,3,3,0.5926436908129188,0.6098284290305206,2.6666666666666665,8,8,0.6226106500253081,5
2023-05-31,3,3,0.5204558137745138,0.5326596659918627,2.6666666666666665,8,7,0.6004653798549303,5
2023-06-01,2,2,0.750389036323343,0.7509616414705913,4.5,9,9,0.7823779202169843,7
2023-06-02,2,2,0.9142996370792389,0.9142996370792389,1.0,2,2,0.9142996370792389,0
2023-06-03,3,3,0.5313633492305164,0.5311198172469934,3.6666666666666665,11,7,0.6217237721596445,8
2023-06-04,4,4,0.8248304687440395,0.8429828936854997,2.5,10,9,0.7445891976356507,6
2023-06-05,2,2,0.4948325676360616,0.48583988091693475,7.0,14,9,0.4157843950781084,12
2023-06-06,1,1,0.5556024405218306,0.675752267241478,7.0,7,7,0.5556024405218306,6
2023-06-07,6,6,0.8147971622645854,0.8086588141109262,1.8333333333333333,11,10,0.8190582726489414,5
2023-06-08,2,2,0.041853681206703144,0.041853681206703144,1.0,2,2,0.041853681206703144,0
2023-06-09,2,2,0.3160489611327648,0.3160489611327648,1.5,3,3,0.36738304048776627,1
2023-06-10,2,2,0.8644826014836628,0.8730992794036865,3.5,7,6,0.8440492493765694,5
2023-06-11,4,4,0.6181735694408417,0.6065880005302675,5.0,20,18,0.6809829294681549,16
2023-06-13,3,3,0.47527370502551397,0.47527370502551397,1.0,3,2,0.47527370502551397,0
2023-06-14,5,5,0.7124472954372565,0.7059836928759302,3.0,15,8,0.6282964910070101,10
2023-06-15,3,3,0.5286919757694243,0.5286919757694243,2.6666666666666665,8,7,0.6076154119634468,5
2023-06-16,3,3,0.5800356442729632,0.5800356442729632,1.0,3,3,0.5800356442729632,0
2023-06-17,1,1,0.5506582148373127,0.5506582148373127,4.0,4,4,0.5506582148373127,3
2023-06-18,2,2,0.4894549921154976,0.4894549921154976,1.0,2,2,0.4894549921154976,0
2023-06-19,2,2,0.6767678916454315,0.6767678916454315,3.0,6,3,0.7919642825921377,4
2023-06-20,2,2,0.4389917662677666,0.4174384491828581,3.5,7,7,0.4569621058180928,5
2023-06-21,1,1,0.6945922374725342,0.6945922374725342,7.0,7,6,0.6945922374725342,6
2023-06-22,3,3,0.5518842561151645,0.6197396767410365,1.6666666666666667,5,4,0.5058080803715821,2
2023-06-23,2,2,0.8133861001580953,0.8299921095809516,5.5,11,10,0.8142661655491049,9
2023-06-25,2,2,0.6201589822769165,0.6489378019021108,4.5,9,8,0.6703249891599019,7
2023-06-26,1,1,0.7924752235412598,0.7924752235412598,1.0,1,1,0.7924752235412598,0
2023-06-27,2,2,0.2991081550717354,0.32341256619177083,6.0,12,11,0.30009356141090393,10
2023-06-29,2,2,0.34897759836167097,0.34897759836167097,1.5,3,3,0.3069893612215916,1
2023-07-02,2,2,0.7835939182684972,0.786905222137769,7.0,14,9,0.7551697279725756,12
2023-07-03,2,2,0.6144658382982016,0.6366861425340176,3.0,6,5,0.6144658382982016,4
2023-07-04,3,3,0.8969175963628072,0.9000502646797234,3.6666666666666665,11,5,0.8775038054081226,8
2023-07-05,3,3,0.35469008526868295,0.36950051916083176,2.0,6,5,0.450531792257809,3
2023-07-06,4,4,0.5173472736806919,0.5414374223522221,4.25,17,15,0.6265808035455206,13
2023-07-07,2,2,0.5488099186060329,0.5652502059936524,1.5,3,3,0.41640380865169896,1
2023-07-08,4,4,0.5536047288527091,0.5536047288527091,2.0,8,7,0.49939292296767235,4
2023-07-09,2,2,0.3275222009203086,0.3016371517442167,2.0,4,3,0.3275222009203086,2
2023-07-10,2,2,0.6304685667157173,0.7207270885507266,2.5,5,5,0.6283651030063628,3
2023-07-11,2,2,0.6522408615564927,0.6157295038923621,4.0,8,6,0.6522408615564927,6
2023-07-12,5,5,0.6386351357879383,0.6394537190951052,1.2,6,6,0.5499302342622762,1
2023-07-13,3,3,0.7555627073678705,0.7555627073678705,2.3333333333333335,7,5,0.7443471524332251,4
2023-07-14,4,4,0.5964539358392358,0.5964539358392358,2.0,8,5,0.419836166780442,4
2023-07-15,5,5,0.4992298073735502,0.5112084722717603,4.8,24,23,0.6085794354892439,19
2023-07-16,3,3,0.721065158645312,0.721065158645312,1.3333333333333333,4,3,0.6906736679375172,1
2023-07-17,1,1,0.5197248458862305,0.43987587932497263,6.0,6,6,0.5197248458862305,5
2023-07-18,3,3,0.8137103308130195,0.8334767560164135,1.6666666666666667,5,5,0.7886713365713756,2
2023-07-19,1,1,0.8533999919891357,0.8533999919891357,2.0,2,2,0.8533999919891357,1
2023-07-20,2,2,0.40837188685933745,0.4332419587299227,3.5,7,7,0.6387926765850612,5
2023-07-21,2,2,0.7274827092885972,0.7233731786792095,4.0,8,8,0.7796613723039627,6
2023-07-22,1,1,0.6349116767998094,0.6501886747453524,3.0,3,2,0.6349116767998094,2
2023-07-23,5,5,0.6258523541192214,0.6347634156545003,2.6,13,12,0.5841903959711392,8
2023-07-24,5,5,0.8026775973372988,0.8026775973372988,2.8,14,14,0.7400079888956886,9
2023-07-25,6,6,0.630937749683334,0.648756443168859,1.3333333333333333,8,5,0.582147095940615,2
2023-07-26,1,1,0.6858098075858184,0.6858098075858184,1.0,1,1,0.6858098075858184,0
2023-07-27,3,3,0.6602272373210225,0.6328146768079597,5.666666666666667,17,8,0.6799770691888589,14
2023-07-28,3,3,0.6771548093141367,0.6829214287507864,3.3333333333333335,10,10,0.49889167565852405,7
2023-07-29,2,2,0.7739229927246924,0.7476621268239494,2.5,5,3,0.6910173771437258,3
2023-07-30,1,1,0.3387179759641488,0.3387179759641488,3.0,3,3,0.3387179759641488,2
2023-07-31,5,5,0.7824334347348971,0.7717494387282825,3.2,16,11,0.8047066345005685,11
2023-08-01,4,4,0.6003546925882498,0.6003546925882498,1.75,7,3,0.7191998596702304,3
2023-08-03,3,3,0.6651394433962802,0.6651394433962802,3.0,9,9,0.6502920180145237,6
2023-08-04,2,2,0.5404675394296646,0.5714408991237481,4.0,8,7,0.5350496470928192,6
2023-08-05,5,5,0.42358675356954334,0.4200459450483322,1.8,9,6,0.35666528364850414,4
2023-08-06,3,3,0.6029558118467254,0.5572399538424281,2.6666666666666665,8,8,0.6064160890722027,5
2023-08-07,3,3,0.33890148159116507,0.3955894340243604,2.3333333333333335,7,7,0.33194878936878275,4
2023-08-08,6,6,0.6942707241202394,0.6891436969033546,2.5,15,14,0.7088360084841648,9
2023-08-09,2,2,0.7009877657687122,0.7258511693349907,10.5,21,18,0.6990428974940663,19
2023-08-10,4,4,0.6243649651296437,0.6243649651296437,1.25,5,4,0.6257247272878885,1
2023-08-12,2,2,0.683599088953564,0.7816500222543254,2.0,4,3,0.5585003212590458,2
2023-08-13,2,2,0.35484952107071877,0.34376960493285547,4.5,9,9,0.6167022517571846,7
2023-08-14,4,4,0.7591077925637364,0.7591077925637364,1.75,7,7,0.6133691076721464,3
2023-08-15,4,4,0.6146496390613417,0.6258232150226831,1.5,6,5,0.6046458698395226,2
2023-08-16,1,1,0.4912343720595042,0.4912343720595042,3.0,3,3,0.4912343720595042,2
2023-08-17,2,2,0.861018642783165,0.8624813705682755,6.0,12,10,0.8742368047436079,10
2023-08-18,5,5,0.6290199421346188,0.6416525070156369,3.2,16,15,0.675238274037838,11
2023-08-19,4,4,0.6738153015030548,0.6738153015030548,1.75,7,7,0.6348409513011575,3
2023-08-20,2,2,0.7117384597659111,0.7117384597659111,1.0,2,2,0.7117384597659111,0
2023-08-21,3,3,0.6601368064681689,0.6819984333382711,2.0,6,6,0.62543416602744,3
2023-08-22,6,6,0.5734462532318301,0.5849033371855815,1.3333333333333333,8,7,0.5833645693647365,2
2023-08-23,5,5,0.5568983850055016,0.5431293808153043,2.4,12,10,0.5409728775027757,7
2023-08-24,5,5,0.5496414181631473,0.5429280545355545,1.8,9,9,0.4401755253496913,4
2023-08-25,4,4,0.48767021003489697,0.488195903039119,4.75,19,9,0.5493110531712311,15
2023-08-26,6,6,0.68345702951774,0.6770590823557642,1.8333333333333333,11,10,0.5785588757501858,5
2023-08-27,8,8,0.6205249720136635,0.6434366503232077,5.0,40,31,0.5521207720506937,32
2023-08-29,4,4,0.7095125060660911,0.6807648323803628,5.75,23,20,0.5091213509237961,19
2023-08-30,3,3,0.42757587631543476,0.42757587631543476,1.3333333333333333,4,4,0.4233310744166374,1
2023-08-31,4,4,0.6711471485646648,0.650132006100778,4.5,18,17,0.7295297970477905,14
2023-09-01,3,3,0.70058040348468,0.716889152773703,4.333333333333333,13,11,0.655385594528455,10
2023-09-02,5,5,0.5268964022417706,0.5418101866634037,3.6,18,14,0.5742809509355871,13
2023-09-03,4,4,0.7611205644255582,0.766112336906695,2.75,11,8,0.7760794297527437,7
2023-09-04,1,1,0.38828278457125026,0.38828278457125026,1.0,1,1,0.38828278457125026,0
2023-09-05,4,4,0.7167368419468403,0.704256035387516,2.75,11,9,0.7112659811973572,7
2023-09-06,3,3,0.6610624144474665,0.6638857788509793,1.6666666666666667,5,5,0.7652373373508453,2
2023-09-07,3,3,0.42761545690397423,0.42761545690397423,1.0,3,3,0.42761545690397423,0
2023-09-08,1,1,0.546258329351743,0.6095680808648467,5.0,5,4,0.546258329351743,4
2023-09-09,3,3,0.7848249928404888,0.8178459212735847,5.0,15,14,0.7782216174734964,12
2023-09-10,4,4,0.6551349107176065,0.6551349107176065,1.75,7,6,0.6410403443234307,3
2023-09-12,6,6,0.6656284739470316,0.6656284739470316,1.6666666666666667,10,7,0.5907497251406312,4
2023-09-13,3,3,0.4938795988678805,0.5153603727455464,6.0,18,14,0.5077652939319335,15
2023-09-14,2,2,0.6983254567409555,0.6791269887238741,1.5,3,2,0.7006805460486146,1
2023-09-15,2,2,0.6284326931475803,0.6699786875663059,6.0,12,8,0.604736351472034,10
2023-09-16,1,1,0.6151347998529673,0.6151347998529673,5.0,5,4,0.6151347998529673,4
2023-09-17,6,6,0.5220835437239321,0.5063350932051738,2.5,15,11,0.5453018889658982,9
2023-09-18,2,2,0.7304675304754213,0.7476248340173202,2.5,5,3,0.6325565332716161,3
2023-09-19,4,4,0.8277223408222198,0.8393981218338012,2.0,8,6,0.8036240860819817,4
2023-09-20,2,2,0.6358377367258072,0.6358377367258072,1.5,3,3,0.5793310225009918,1
2023-09-21,2,2,0.6687983026107152,0.6687983026107152,2.0,4,4,0.6646701917052269,2
2023-09-22,5,5,0.5877550935531911,0.5855700458011565,4.6,23,18,0.5987428201968836,18
2023-09-23,6,6,0.7605843897219057,0.7605843897219057,1.5,9,9,0.7884821597440743,3
2023-09-24,8,8,0.5407176440199788,0.5386406089489658,4.25,34,29,0.5538345659699511,26
2023-09-25,6,6,0.5403705146270877,0.5761380195781425,3.6666666666666665,22,16,0.44844155164064586,16
2023-09-26,4,4,0.6685364556243225,0.708309554097165,7.0,28,24,0.5633246651845601,24
2023-09-27,1,1,0.2291314154863357,0.2291314154863357,1.0,1,1,0.2291314154863357,0
2023-09-28,2,2,0.8801616132259369,0.8801616132259369,1.0,2,2,0.8801616132259369,0
2023-09-29,4,4,0.8651546761393547,0.8648717229564985,1.5,6,4,0.8777193311187955,2
2023-09-30,1,1,0.863452697501463,0.863452697501463,1.0,1,1,0.863452697501463,0
2023-10-01,1,1,0.2945442066217462,0.15945646432893615,2.0,2,2,0.2945442066217462,1
2023-10-02,2,2,0.8543615501787927,0.8819480161699984,7.0,14,14,0.8138381188114484,12
2023-10-03,1,1,0.9056971073150635,0.9056971073150635,1.0,1,1,0.9056971073150635,0
2023-10-04,1,1,0.5041516646742821,0.5041516646742821,1.0,1,1,0.5041516646742821,0
2023-10-05,6,6,0.39022027635429474,0.4256528643580775,2.1666666666666665,13,11,0.3666424606281978,7
2023-10-06,2,2,0.5548315839841962,0.5548315839841962,1.5,3,3,0.4424928091466427,1
2023-10-07,1,1,0.5563146620988846,0.5563146620988846,1.0,1,1,0.5563146620988846,0
2023-10-08,3,3,0.6206226986315515,0.6237388302882513,2.0,6,6,0.496103533440166,3
2023-10-09,2,2,0.7859703078866005,0.7998113135496776,2.0,4,4,0.7859703078866005,2
2023-10-10,3,3,0.800694927573204,0.7901708218786451,2.0,6,6,0.8055762499570847,3
2023-10-11,1,1,0.3058266155421734,0.3058266155421734,3.0,3,3,0.3058266155421734,2
2023-10-12,2,2,0.5330237669404596,0.5141324039548635,3.0,6,6,0.4268461959436536,4
2023-10-13,1,1,0.9093219041824341,0.9093219041824341,1.0,1,1,0.9093219041824341,0
2023-10-14,1,1,0.7671894133090973,0.7671894133090973,2.0,2,2,0.7671894133090973,1
2023-10-15,6,6,0.7621357565301731,0.7499709358430225,2.6666666666666665,16,14,0.7423554067766952,10
2023-10-16,1,1,0.8704431653022766,0.8704431653022766,2.0,2,2,0.8704431653022766,1
2023-10-17,4,4,0.34954347434298444,0.3583675312809646,2.75,11,8,0.32211843821586983,7
2023-10-18,4,4,0.7061453907750547,0.7307619870462942,2.5,10,8,0.6400587715829412,6
2023-10-19,1,1,0.8822575578193986,0.8822575578193986,1.0,1,1,0.8822575578193986,0
2023-10-20,6,6,0.8509422503687718,0.8590036008644987,1.8333333333333333,11,6,0.8237200326088702,5
2023-10-21,3,3,0.8601182346187887,0.8679730071237793,5.0,15,15,0.864996864824068,12
2023-10-22,4,4,0.62387054372978,0.6507171263879689,4.75,19,17,0.5607442231456701,15
2023-10-23,3,3,0.5994180977344513,0.6850836707486048,1.3333333333333333,4,4,0.5814351126551629,1
2023-10-24,4,4,0.5970401786077889,0.6853241306744758,2.75,11,10,0.6733672253060804,7
2023-10-25,5,5,0.663069331087172,0.6718508542204897,2.2,11,10,0.6127781292254274,6
2023-10-26,3,3,0.6633696394972503,0.6788672795588219,6.0,18,15,0.6503616424484385,15
2023-10-27,4,4,0.5478711405174495,0.5525598397032454,6.75,27,20,0.6350051638542147,23
2023-10-28,5,5,0.4348486317464938,0.4435409468017582,2.6,13,11,0.44040699468473715,8
2023-10-29,3,3,0.521821182010518,0.44726331309518885,3.6666666666666665,11,8,0.5362734855031716,8
2023-11-01,3,3,0.5983696530262629,0.5983696530262629,1.0,3,3,0.5983696530262629,0
2023-11-02,2,2,0.8481624090310298,0.8449747795239091,6.0,12,8,0.7672052913241916,10
2023-11-04,2,2,0.9148546248674393,0.9168764501810074,3.0,6,6,0.8851445962985357,4
2023-11-05,1,1,0.4666508734226227,0.4666508734226227,1.0,1,1,0.4666508734226227,0
2023-11-06,3,3,0.6801536248789893,0.6801536248789893,2.0,6,6,0.6219125936428705,3
2023-11-07,2,2,0.7148725095774151,0.7016027953941375,3.5,7,6,0.7935632307392855,5
2023-11-08,5,5,0.734754180431366,0.7445767924388249,1.2,6,5,0.7394206942121188,1
2023-11-09,2,2,0.757033459842205,0.757033459842205,3.0,6,6,0.6922579010327657,4
2023-11-10,7,7,0.8065778227014976,0.8007260300810375,2.7142857142857144,19,13,0.7905536914271031,12
2023-11-11,2,2,0.5517450386865272,0.575756661221385,2.5,5,5,0.5968515778581301,3
2023-11-12,1,1,0.7645615848344693,0.7947775944734791,18.0,18,17,0.7645615848344693,17
2023-11-13,8,8,0.6497241613196416,0.6281749720219523,2.5,20,14,0.6511757123532395,12
2023-11-14,6,6,0.72648267143972,0.75762533344079,4.166666666666667,25,12,0.6465566814534026,19
2023-11-15,5,5,0.6355620006803009,0.6436233128110568,3.0,15,13,0.5894254906309975,10
2023-11-16,5,5,0.780580688185162,0.780580688185162,2.6,13,10,0.7713233499954909,8
2023-11-17,3,3,0.4852162111136648,0.4990130181113879,2.6666666666666665,8,6,0.6652816375717521,5
2023-11-18,6,6,0.7925350249585028,0.7872356713382583,1.5,9,6,0.7815757578408176,3
2023-11-19,6,6,0.6927332781166547,0.7041378699775254,2.5,15,12,0.6811342402015413,9
2023-11-20,5,5,0.7987037026071224,0.7811199786988172,4.4,22,16,0.7658612838587462,17
2023-11-21,3,3,0.5115596661639829,0.5410539141102206,3.0,9,7,0.585031872521593,6
2023-11-22,7,7,0.442995556568106,0.4561835690445843,2.5714285714285716,18,15,0.5136320741985131,11
2023-11-23,8,8,0.7678174601867795,0.774414118565619,2.25,18,11,0.8156515599124962,10
2023-11-24,4,4,0.5694603401546677,0.5694603401546677,1.75,7,7,0.48144230477157096,3
2023-11-25,5,5,0.6221142242087583,0.6306046944635422,3.2,16,14,0.6130515135422934,11
2023-11-26,1,1,0.8648760467767715,0.867772352695465,4.0,4,4,0.8648760467767715,3
2023-11-27,9,9,0.7562326285518451,0.757630378699084,2.111111111111111,19,14,0.7595985209886059,10
2023-11-28,6,6,0.6171726265249567,0.6130648567944903,2.3333333333333335,14,11,0.6333635832027842,8
2023-11-29,6,6,0.7914847810235289,0.7830863410941301,2.3333333333333335,14,11,0.6967536004881064,8
2023-11-30,5,5,0.8428286164081331,0.823444023343424,2.4,12,8,0.8043066688963373,7
2023-12-01,8,8,0.796051532455853,0.7894087366445305,4.0,32,25,0.7911044270731509,24
2023-12-02,4,4,0.4488152933902003,0.45077192976605146,2.25,9,8,0.5756645656052838,5
2023-12-03,4,4,0.6327896943936745,0.6518362381805977,2.0,8,6,0.6321212826296687,4
2023-12-04,9,9,0.6587126200410353,0.6895301984602331,2.888888888888889,26,15,0.6917506805219469,17
2023-12-05,9,9,0.6748650765253438,0.6748650765253438,1.3333333333333333,12,11,0.6446941268319885,3
2023-12-06,3,3,0.8312423229217529,0.825981747536432,2.0,6,5,0.8149935056765875,3
2023-12-07,7,7,0.8378118088664044,0.8260691280479541,2.7142857142857144,19,12,0.8429843822069336,12
2023-12-08,4,4,0.5252481310953578,0.5261462517082691,2.0,8,7,0.44229279905114144,4
2023-12-09,1,1,0.33592998050153255,0.37254627887159586,3.0,3,3,0.33592998050153255,2
2023-12-10,4,4,0.5713794441036288,0.5906587304817813,5.75,23,23,0.6780372614476745,19
2023-12-11,7,7,0.5933234805270793,0.5958640966741812,2.4285714285714284,17,15,0.5554789552501603,10
2023-12-12,7,7,0.6465679360385443,0.6436043844076511,4.142857142857143,29,22,0.5988430473616769,22
2023-12-13,4,4,0.7340179085731506,0.7340179085731506,1.5,6,6,0.7326979239781698,2
2023-12-14,9,9,0.7781524826881697,0.7813120512774696,2.5555555555555554,23,17,0.8055193847345087,14
2023-12-15,6,6,0.7623538292743742,0.7561182263072092,3.1666666666666665,19,11,0.7615603195233017,13
2023-12-16,8,8,0.5510356379386324,0.5752638378956666,1.75,14,10,0.639478214091925,6
2023-12-17,8,8,0.6608921689410983,0.6697353374419479,3.25,26,21,0.6987874990818688,18
2023-12-18,3,3,0.5181932461758455,0.5181932461758455,1.3333333333333333,4,4,0.4672118788585067,1
2023-12-19,7,7,0.7115094021244934,0.6951240399954207,3.857142857142857,27,21,0.6378568590584176,20
2023-12-20,4,4,0.6479980607400648,0.6406159874432805,2.5,10,9,0.6904912309488281,6
2023-12-21,4,4,0.7427282221615314,0.7427282221615314,1.5,6,6,0.7164710685610771,2
2023-12-22,8,8,0.7609232372293869,0.771843965863809,2.625,21,12,0.711924118300279,13
2023-12-23,3,3,0.9025862895780139,0.9025862895780139,3.3333333333333335,10,9,0.8993650555610657,7
2023-12-24,5,5,0.6802872775588185,0.6420656652996938,2.0,10,10,0.754533070186153,5
2023-12-25,3,3,0.796139816735305,0.8902082806270496,2.0,6,2,0.6638738787641713,3
2023-12-26,4,4,0.7291837987123113,0.7264308270631414,1.25,5,4,0.7598198101376041,1
2023-12-27,4,4,0.5969655687010593,0.5838788472445837,3.0,12,11,0.5188103649657069,8
2023-12-28,7,7,0.5907652511128357,0.5945742713553565,1.4285714285714286,10,10,0.5414268039166927,3
2023-12-29,5,5,0.715034494171239,0.715034494171239,2.6,13,11,0.6417716588868405,8
2023-12-30,4,4,0.677702713569855,0.677702713569855,1.25,5,3,0.5839614255713267,1
2023-12-31,2,2,0.5451046487304394,0.5501247249332003,10.5,21,15,0.5408356176972253,19
2024-01-01,1,1,0.9245992302894592,0.9245992302894592,1.0,1,1,0.9245992302894592,0
2024-01-02,3,3,0.8146624904539851,0.8268136620521546,5.333333333333333,16,14,0.8227997180074453,13
2024-01-03,6,6,0.7515668638360996,0.7693206953971337,2.3333333333333335,14,9,0.6434222044689315,8
2024-01-04,7,7,0.5966312246384466,0.6055062932222067,6.285714285714286,44,32,0.6852066676047716,37
2024-01-06,5,5,0.6411447832919658,0.6447850201139227,3.4,17,15,0.576123100157608,12
2024-01-07,4,4,0.8834875390370502,0.9104161007329822,3.25,13,8,0.8317483554729539,9
2024-01-08,5,5,0.7934129277865092,0.8113179117441177,1.6,8,8,0.7246532961726189,3
2024-01-09,7,7,0.7105881806729096,0.6962236444066677,2.0,14,10,0.7585630767845682,7
2024-01-10,3,3,0.7250442230859485,0.6840294142456113,2.0,6,5,0.7199897900824929,3
2024-01-11,3,3,0.6112484137217203,0.6112484137217203,1.0,3,3,0.6112484137217203,0
2024-01-12,5,5,0.6680400429654754,0.6601679551503198,3.4,17,13,0.5787494985383409,12
2024-01-13,3,3,0.746349115173022,0.6546424676974615,1.3333333333333333,4,4,0.6967288836836815,1
2024-01-14,3,3,0.8169960835214818,0.8196731198466186,2.0,6,5,0.8407565806625468,3
2024-01-15,4,4,0.7295347683079955,0.7295347683079955,2.0,8,7,0.4604110169198571,4
2024-01-16,5,5,0.8128874283339138,0.8072558654688654,3.8,19,13,0.8140316869170345,14
2024-01-17,4,4,0.42647490805635846,0.47288037254475057,2.25,9,7,0.49136679578158593,5
2024-01-18,3,3,0.5855075532777442,0.6156089994021587,2.0,6,5,0.5889010979897445,3
2024-01-19,2,2,0.6455680614518415,0.6946718995625685,5.0,10,9,0.6645871654463311,8
2024-01-20,4,4,0.8073882861373325,0.8188226480896657,4.75,19,14,0.7806976607494187,15
2024-01-21,3,3,0.581213966012001,0.5719826689515358,2.3333333333333335,7,7,0.7304252559940021,4
2024-01-22,5,5,0.7535542723855801,0.7652582180748383,2.4,12,12,0.6295557759391764,7
2024-01-23,2,2,0.7950697541236877,0.7950697541236877,1.0,2,2,0.7950697541236877,0
2024-01-24,5,5,0.7126459268784082,0.7276133096466462,1.4,7,6,0.727372022197833,2
2024-01-25,4,4,0.6426765998670211,0.6935442271383686,1.5,6,4,0.6317020923209687,2
2024-01-26,6,6,0.6536191273118472,0.632806438089022,3.1666666666666665,19,13,0.6300125918432808,13
2024-01-27,9,9,0.7897904921599008,0.7973866750948945,3.2222222222222223,29,24,0.746603298846675,20
2024-01-28,7,7,0.8325146489957023,0.8239650513917681,1.8571428571428572,13,6,0.8312267231380838,6
2024-01-29,5,5,0.7478298185269038,0.7526192466559865,1.6,8,7,0.7966663715119163,3
2024-01-30,7,7,0.7466400474436632,0.7666827070985048,3.4285714285714284,24,20,0.7232634280549569,17
2024-01-31,5,5,0.5931600026732141,0.5630434540127005,3.8,19,15,0.7011974424016818,14
2024-02-01,8,8,0.6325841473454299,0.6174172850261028,2.5,20,15,0.5998749860034635,12
2024-02-02,2,2,0.5433545583445165,0.5232376945840025,7.5,15,13,0.5530653342604637,13
2024-02-03,4,4,0.6364207654819615,0.7523719980122728,2.25,9,5,0.617858821048877,5
2024-02-04,6,6,0.5289939763173398,0.5513354670960283,3.1666666666666665,19,14,0.6489955699450056,13
2024-02-05,10,10,0.6478887413475061,0.6394626206179833,2.6,26,21,0.6930949413936177,16
2024-02-06,5,5,0.758632103134604,0.7860543077482897,1.6,8,8,0.727846334085745,3
2024-02-07,5,5,0.7533736044696222,0.7463575463453751,2.6,13,10,0.7507338026980273,8
2024-02-08,1,1,0.31219643354415894,0.31219643354415894,1.0,1,1,0.31219643354415894,0
2024-02-09,5,5,0.6162115027755499,0.6162115027755499,1.8,9,6,0.7129209320992231,4
2024-02-10,5,5,0.8696740633615899,0.8604892736574014,2.0,10,8,0.8232641915036808,5
2024-02-11,3,3,0.8418194924791654,0.8418194924791654,2.3333333333333335,7,7,0.8470132191266332,4
2024-02-12,7,7,0.5782806480073047,0.5816640786176163,3.5714285714285716,25,10,0.6709166560637689,18
2024-02-13,5,5,0.7579104180101838,0.7536345136461277,3.8,19,14,0.7060335306940895,14
2024-02-14,2,2,0.14538737665861842,0.1218888542304436,1.5,3,3,0.17885118971268332,1
2024-02-15,5,5,0.6142891809685777,0.5858024614417192,4.6,23,17,0.5325378767255208,18
2024-02-16,6,6,0.689316696797808,0.7077465013615668,1.6666666666666667,10,10,0.7088616371154786,4
2024-02-17,4,4,0.7330895290995131,0.7229884378687148,6.0,24,19,0.717684568500235,20
2024-02-18,2,2,0.44575543189421296,0.44575543189421296,1.0,2,2,0.44575543189421296,0
2024-02-19,2,2,0.7842915058135986,0.7842915058135986,1.0,2,2,0.7842915058135986,0
2024-02-20,6,6,0.7607053228264684,0.7606367875403263,3.0,18,13,0.7806501168964638,12
2024-02-21,4,4,0.6741917120913664,0.678784651060899,1.25,5,5,0.6823209722836812,1
2024-02-22,3,3,0.55322416347486,0.55322416347486,1.0,3,3,0.55322416347486,0
2024-02-23,4,4,0.6086273513113459,0.6286983795562815,2.75,11,9,0.551603188681783,7
2024-02-24,4,4,0.7370188672164952,0.7392875482530697,2.75,11,10,0.7112231703379408,7
2024-02-25,7,7,0.7458408337441229,0.751475827527695,2.7142857142857144,19,12,0.8105589462476864,12
2024-02-26,4,4,0.6673427403438836,0.6412971680983901,1.5,6,6,0.6277129988496503,2
2024-02-27,8,8,0.6761648588505249,0.6763091713744326,5.5,44,35,0.6521908867356339,36
2024-02-28,8,8,0.7591960147200596,0.7591960147200596,1.0,8,5,0.7591960147200596,0
2024-02-29,2,2,0.49659140206252533,0.49933868247483454,3.5,7,6,0.6570803319946641,5
2024-03-01,3,3,0.7135820512970289,0.739708366493384,1.6666666666666667,5,4,0.6903760701417923,2
2024-03-02,4,4,0.713438571896404,0.7269614352844656,3.25,13,9,0.7264590120086303,9
2024-03-03,4,4,0.8189257251763983,0.8015064901361864,3.25,13,9,0.8324271187923112,9
2024-03-04,1,1,0.7520311921834946,0.7937834958235422,4.0,4,4,0.7520311921834946,3
2024-03-05,6,6,0.779855780562179,0.7950435105573247,3.1666666666666665,19,15,0.6852134911898982,13
2024-03-06,2,2,0.5366542007153232,0.5941684730350971,2.5,5,4,0.48615134110053376,3
2024-03-07,4,4,0.5563089275111754,0.5788965264468321,2.25,9,8,0.5631281966412509,5
2024-03-08,2,2,0.44325144309550524,0.504085532700022,2.0,4,4,0.4432514430955052,2
2024-03-09,4,4,0.7228439179559549,0.7112820389724913,2.25,9,8,0.7911809296519668,5
2024-03-10,4,4,0.6960634304896781,0.707389321056721,2.0,8,7,0.698624206747729,4
2024-03-11,5,5,0.6571656011417508,0.6543961259677555,4.4,22,19,0.5770746192640879,17
2024-03-12,3,3,0.679539660943879,0.7642967220809723,1.3333333333333333,4,4,0.6134358848134677,1
2024-03-13,4,4,0.5657002401227752,0.5719300955922032,4.25,17,14,0.6078409541617421,13
2024-03-14,5,5,0.5647269379121788,0.5674565491351214,3.0,15,13,0.6036232319895667,10
2024-03-15,6,6,0.6071622914989434,0.5628063381940592,2.3333333333333335,14,13,0.5450577240826904,8
2024-03-16,1,1,0.6285344367580754,0.6019536267433848,7.0,7,6,0.6285344367580754,6
2024-03-17,7,7,0.7612708629908587,0.7898374304924377,4.142857142857143,29,23,0.7325319931097913,22
2024-03-18,4,4,0.6715962117434375,0.7083511354712149,3.5,14,14,0.6407344292494512,10
2024-03-19,5,5,0.6827727313225086,0.6803968457621096,2.4,12,11,0.7065099003987435,7
2024-03-20,3,3,0.34874244784522385,0.3533974214501325,5.0,15,15,0.5537379877020915,12
2024-03-21,2,2,0.762030580624317,0.7724146354012191,2.0,4,4,0.6849195942049846,2
2024-03-22,5,5,0.5033316311559506,0.5033316311559506,1.2,6,6,0.43409260495432783,1
2024-03-23,5,5,0.6732727605154116,0.6904551656626993,4.0,20,19,0.6377218249626457,15
2024-03-24,4,4,0.6636262569095319,0.7212995761802468,4.5,18,18,0.6468365416517137,14
2024-03-25,6,6,0.5644840388696779,0.5694167742721253,1.5,9,7,0.5452740197938027,3
2024-03-26,3,3,0.6114080573121706,0.6166497940818468,2.3333333333333335,7,7,0.7679049468466214,4
2024-03-27,4,4,0.6805491122085359,0.6626230766797172,3.5,14,12,0.7339191179059429,10
2024-03-28,3,3,0.5905754617242901,0.5714409594527549,1.6666666666666667,5,4,0.5752980018655458,2
2024-03-29,7,7,0.850201449166485,0.8631919870451414,4.285714285714286,30,16,0.8321142421308018,23
2024-03-30,2,2,0.6922187094505017,0.6922187094505017,1.0,2,2,0.6922187094505017,0
2024-03-31,2,2,0.5503377647449573,0.5673384013630095,8.0,16,11,0.566163585986942,14
2024-04-01,7,7,0.7326379608629006,0.7378153352599058,2.2857142857142856,16,10,0.7520181515719742,9
2024-04-02,4,4,0.6553380737702051,0.6553380737702051,1.75,7,7,0.6643761949879783,3
2024-04-03,5,5,0.5794378284143876,0.6294420587664844,4.8,24,22,0.5883895520331941,19
2024-04-04,8,8,0.5021075320279212,0.4845667059452867,2.125,17,14,0.6111844232285913,9
2024-04-05,3,3,0.7052726216259457,0.7022148079815365,3.3333333333333335,10,10,0.6940420380234718,7
2024-04-06,4,4,0.6689751412337407,0.662667344758908,4.5,18,13,0.7384089575045638,14
2024-04-07,8,8,0.7322601676364786,0.725078610371457,3.625,29,17,0.6617957679385537,21
2024-04-08,7,7,0.8064451456424735,0.7906734174966407,1.2857142857142858,9,4,0.8071927037779931,2
2024-04-09,3,3,0.7812015699636605,0.7420684054418646,5.0,15,12,0.7659255537721846,12
2024-04-10,3,3,0.797043927013874,0.8065706471602122,2.0,6,5,0.6552878320217133,3
2024-04-11,4,4,0.7174446402738492,0.7256001754043003,1.5,6,4,0.7530068676504825,2
2024-04-12,2,2,0.5782468006724403,0.5782468006724403,1.0,2,2,0.5782468006724403,0
2024-04-13,6,6,0.7587287872143854,0.7686994190425032,2.0,12,9,0.6289264155341695,6
2024-04-14,3,3,0.7687570133970844,0.7994370690029529,3.3333333333333335,10,9,0.7774596016854047,7
2024-04-15,3,3,0.556938786059618,0.5609877295792103,1.3333333333333333,4,4,0.6100871404632926,1
2024-04-16,5,5,0.8314159087340037,0.8406135413192567,2.6,13,11,0.8067278212461717,8
2024-04-17,5,5,0.5276301659949163,0.5007305745966733,4.2,21,18,0.6570517608068056,16
2024-04-18,7,7,0.7495864860181297,0.7603698184358931,1.8571428571428572,13,11,0.7247548652382997,6
2024-04-19,2,2,0.7095852779845397,0.739445433848434,3.5,7,6,0.6294902371508735,5
2024-04-20,4,4,0.7595626679559548,0.7688152377183238,3.5,14,8,0.795917408097358,10
2024-04-21,4,4,0.3698685267587983,0.34640476709143037,5.25,21,18,0.522285430113069,17
2024-04-22,4,4,0.7494550320940713,0.7486532577978713,3.5,14,12,0.6974914053543693,10
2024-04-23,1,1,0.8161464631557465,0.8161464631557465,2.0,2,2,0.8161464631557465,1
2024-04-24,5,5,0.726430916608799,0.7414636652091723,5.4,27,19,0.6957221864944413,22
2024-04-25,3,3,0.7098739182727054,0.6828897985762783,7.0,21,17,0.6900732657532134,18
2024-04-26,6,6,0.7132276852665426,0.7338430967757033,3.8333333333333335,23,18,0.6405185291107143,17
2024-04-27,6,6,0.5664949774742126,0.5664949774742126,1.8333333333333333,11,8,0.4868897372348742,5
2024-04-28,2,2,0.46086499959023464,0.5099994132972576,6.5,13,13,0.5223679993874751,11
2024-04-29,4,4,0.8689909961462642,0.8693441510173109,1.5,6,5,0.871781763760373,2
2024-04-30,3,3,0.6186248643287257,0.6186248643287257,1.0,3,3,0.6186248643287257,0
2024-05-01,2,2,0.8031876668334007,0.8116355314850807,3.0,6,5,0.7796048397819201,4
2024-05-02,6,6,0.5498481828136125,0.5570121046917683,2.3333333333333335,14,12,0.537841777168053,8
2024-05-03,7,7,0.596640951576687,0.583735207681145,2.4285714285714284,17,13,0.607414492643347,10
2024-05-04,5,5,0.5920196826197207,0.5821961472206043,5.4,27,18,0.4457668911113783,22
2024-05-05,3,3,0.782197074757682,0.782197074757682,2.0,6,6,0.7510288258393606,3
2024-05-06,5,5,0.7321539250512917,0.7637145042419433,1.8,9,7,0.7560892110621488,4
2024-05-07,6,6,0.5278479974923863,0.508785378008529,2.5,15,7,0.5905995175490777,9
2024-05-08,1,1,0.9280260562896728,0.9280260562896728,1.0,1,1,0.9280260562896728,0
2024-05-09,3,3,0.4814782825609048,0.4814782825609048,1.0,3,3,0.4814782825609048,0
2024-05-10,3,3,0.5804421007633209,0.5804421007633209,1.6666666666666667,5,4,0.5667996942996979,2
2024-05-11,4,4,0.6485489215701818,0.6527768895030022,3.5,14,10,0.649782310639109,10
2024-05-12,3,3,0.5697877208391825,0.5697877208391825,1.3333333333333333,4,4,0.5932586900889874,1
2024-05-13,6,6,0.6883470603072691,0.6839299339446283,3.0,18,15,0.6787073643848536,12
2024-05-14,3,3,0.44762449831138423,0.4418473008678155,4.333333333333333,13,10,0.5440453917552263,10
2024-05-15,4,4,0.5360797218992516,0.5360797218992516,1.0,4,3,0.5360797218992516,0
2024-05-16,7,7,0.6498915779010207,0.6349687931748867,4.428571428571429,31,24,0.7446991650316204,24
2024-05-17,2,2,0.6487420154735445,0.6487420154735445,1.0,2,2,0.6487420154735445,0
2024-05-18,4,4,0.8777414503551664,0.8744606629877851,2.25,9,7,0.9005290155530606,5
2024-05-19,2,2,0.8971663767856265,0.9042022093743473,2.0,4,4,0.901785685192971,2
2024-05-20,3,3,0.619322764997681,0.6067338007398777,3.0,9,9,0.6093799707100347,6
2024-05-21,2,2,0.6255268047541557,0.67782921770898,2.0,4,3,0.5367076084450153,2
2024-05-22,4,4,0.7290409518629211,0.7264333346408738,9.75,39,18,0.6418862127559891,35
2024-05-23,5,5,0.6856962322692076,0.6893413173158963,2.8,14,11,0.6101216598280839,9
2024-05-24,5,5,0.7268460433930158,0.7350554093379865,2.6,13,12,0.4628962106429614,8
2024-05-25,6,6,0.677209505916785,0.6710239129932246,2.0,12,10,0.6366681342367969,6
2024-05-26,4,4,0.7845956060207553,0.7922670317983085,3.75,15,12,0.7377619286378224,11
2024-05-27,4,4,0.7140941222612228,0.7808217136810223,4.75,19,15,0.6891516904776904,15
2024-05-28,5,5,0.7367092269659042,0.7752637860178948,2.8,14,13,0.6990483030676842,9
2024-05-29,6,6,0.3445894662157765,0.34191116950075545,2.1666666666666665,13,9,0.2848179900742412,7
2024-05-30,6,6,0.6601888542137448,0.6589767214324739,1.6666666666666667,10,9,0.7627902516296932,4
2024-05-31,2,2,0.8718347191810608,0.8641814172267914,2.5,5,4,0.8716410851478577,3
2024-06-01,2,2,0.3050881028175354,0.3050881028175354,1.0,2,2,0.3050881028175354,0
2024-06-02,7,7,0.7305026087428438,0.7483796162137978,3.0,21,15,0.6777476194967218,14
2024-06-03,6,6,0.6204353095941747,0.6503347052918637,3.6666666666666665,22,17,0.6268285640835788,16
2024-06-04,8,8,0.5931280939459338,0.605667942341904,4.375,35,24,0.5646622485812514,27
2024-06-05,4,4,0.710792150532808,0.7224015539907145,4.0,16,15,0.5676911199098509,12
2024-06-06,7,7,0.7113159593372117,0.727517885973259,3.2857142857142856,23,19,0.7164545695202938,16
2024-06-07,6,6,0.6506836602384718,0.6585859155725865,4.5,27,19,0.6593543087626682,21
2024-06-08,3,3,0.6022262759506702,0.6022262759506702,1.3333333333333333,4,4,0.5454348232597113,1
2024-06-09,2,2,0.4136462730283921,0.41661592847422546,7.0,14,10,0.5523136625332492,12
2024-06-10,2,2,0.9033823236823082,0.9033823236823082,2.5,5,5,0.8837410926818847,3
2024-06-11,5,5,0.6038138456642628,0.6161498027241656,2.2,11,10,0.5748532744293864,6
2024-06-12,7,7,0.7124036619469286,0.731897376822371,2.5714285714285716,18,13,0.6975449520956587,11
2024-06-13,7,7,0.5419121771784765,0.5375846190422419,2.0,14,12,0.5265809938622018,7
2024-06-14,5,5,0.6668746584157149,0.6687927074233692,1.8,9,8,0.6553638449697582,4
2024-06-15,2,2,0.34014949669751027,0.37828403854343506,5.5,11,10,0.2628011029834548,9
2024-06-16,3,3,0.7247318708234363,0.7247318708234363,1.0,3,3,0.7247318708234363,0
2024-06-17,4,4,0.6653300814074564,0.6523626248320988,6.0,24,14,0.6873503118236032,20
2024-06-18,9,9,0.6328391188236263,0.6478560909428895,4.0,36,22,0.688275749609591,27
2024-06-19,9,9,0.6310202219088663,0.6272139606569115,3.0,27,22,0.4951123028082144,18
2024-06-20,4,4,0.7209192300215364,0.7209192300215364,1.25,5,4,0.6931766100227833,1
2024-06-21,1,1,0.31288764051472145,0.3123298001009971,6.0,6,6,0.31288764051472145,5
2024-06-22,7,7,0.6648809537291527,0.6648809537291527,1.2857142857142858,9,8,0.6948698303765721,2
2024-06-23,2,2,0.7598676727463802,0.7910916653594801,3.0,6,6,0.6747502363804313,4
2024-06-24,3,3,0.5664662612809076,0.5937257522628421,2.6666666666666665,8,6,0.6439887272814909,5
2024-06-25,2,2,0.5766112692654133,0.5766112692654133,2.5,5,3,0.5950994849205017,3
2024-06-26,2,2,0.756909845986714,0.7679796233095906,4.5,9,8,0.7614453516348644,7
2024-06-27,6,6,0.49852825830734915,0.4967931400984526,4.5,27,17,0.6037582463964268,21
2024-06-28,4,4,0.707552481507365,0.7327949516940861,4.25,17,14,0.6791043511281412,13
2024-06-29,1,1,0.6503184735774994,0.6503184735774994,2.0,2,2,0.6503184735774994,1
2024-06-30,6,6,0.535597610559004,0.520108992074672,3.5,21,19,0.5426438965258145,15
2024-07-01,4,4,0.5406370336810747,0.5287669049132437,2.0,8,5,0.5368884317576885,4
2024-07-02,1,1,0.675076405207316,0.675076405207316,1.0,1,1,0.675076405207316,0
2024-07-03,4,4,0.7362887991876523,0.7667129662438211,2.5,10,10,0.6076029664498162,6
2024-07-04,3,3,0.7043091654777527,0.7043091654777527,1.6666666666666667,5,5,0.7338222146034241,2
2024-07-05,1,1,0.9675970748066902,0.9675970748066902,1.0,1,1,0.9675970748066902,0
2024-07-06,6,6,0.7991828956068135,0.8003235538330916,1.1666666666666667,7,4,0.8134369080572392,1
2024-07-07,4,4,0.7289314270019531,0.7191322278231382,2.0,8,7,0.7362656723707914,4
2024-07-08,4,4,0.812358099843065,0.812358099843065,1.0,4,2,0.812358099843065,0
2024-07-09,4,4,0.6607775225873209,0.6532766095118686,2.25,9,7,0.6776018262737327,5
2024-07-10,4,4,0.6605647334956801,0.6602420736852961,1.25,5,5,0.7130663776003262,1
2024-07-11,3,3,0.6988288243611653,0.6988288243611653,1.3333333333333333,4,4,0.679123854637146,1
2024-07-12,3,3,0.5934131708410051,0.6064363808342904,2.6666666666666665,8,8,0.4968546110515793,5
2024-07-13,6,6,0.613241411137925,0.6280574736197845,3.3333333333333335,20,14,0.6372428851676523,14
2024-07-14,2,2,0.7894829231624803,0.8197172195199998,6.5,13,12,0.6977344647049903,11
2024-07-15,1,1,0.8197556377521583,0.7573842712574534,7.0,7,5,0.8197556377521583,6
2024-07-16,3,3,0.6571879407597913,0.6571879407597913,2.0,6,6,0.5659131654020814,3
2024-07-17,5,5,0.5778899918688272,0.5601713248533938,2.0,10,9,0.5249704969149299,5
2024-07-18,4,4,0.6400182114829394,0.6518117922672688,2.25,9,7,0.45878352539030587,5
2024-07-19,3,3,0.6100532693167527,0.6179043419066478,5.666666666666667,17,16,0.5700133796562167,14
2024-07-20,2,2,0.9109423533082008,0.9109423533082008,1.0,2,2,0.9109423533082008,0
2024-07-21,3,3,0.8307063147425652,0.8447148746677807,2.3333333333333335,7,5,0.7165926790663174,4
2024-07-22,2,2,0.8279250264167786,0.8244767338037491,2.5,5,5,0.8433486759662628,3
2024-07-23,3,3,0.5418414281060299,0.5606630583190255,3.0,9,8,0.5536674221080762,6
2024-07-24,2,2,0.8891793151696523,0.8891793151696523,2.0,4,4,0.8969462841749192,2
2024-07-26,2,2,0.4850349370390177,0.4850349370390177,1.0,2,2,0.4850349370390177,0
2024-07-27,8,8,0.8744321670967574,0.8744321670967574,1.75,14,8,0.8167129616986136,6
2024-07-28,1,1,0.860022495687008,0.860022495687008,1.0,1,1,0.860022495687008,0
2024-07-29,5,5,0.48584331498645683,0.48584331498645683,4.6,23,18,0.6204208296359234,18
2024-07-30,5,5,0.6688737815630341,0.6790141839587263,3.0,15,14,0.6839506756159521,10
2024-07-31,2,2,0.8382494201262791,0.8382494201262791,2.0,4,4,0.7964806482195854,2
2024-08-01,71,71,0.7450501186581784,0.7443605507216519,2.591549295774648,184,76,0.7107738404973147,113
2024-08-02,52,52,0.802361087153054,0.7897696670542589,2.0384615384615383,106,39,0.7699814420768712,54
2024-08-03,73,73,0.742572700688473,0.7474436298188019,2.0273972602739727,148,53,0.720804263220156,75
2024-08-04,57,57,0.7308535238882755,0.7331537694806989,2.456140350877193,140,62,0.7105851082660246,83
2024-08-05,52,52,0.6797622575148001,0.6830235588321376,2.4038461538461537,125,49,0.6686332803809336,73
2024-08-06,73,73,0.6639601711827852,0.6682712774529698,1.9315068493150684,141,59,0.6544093735169034,68
2024-08-07,61,61,0.7791346813344538,0.7813850619709344,2.19672131147541,134,49,0.7297325979032714,73
2024-08-08,53,53,0.7070528027002668,0.7134721985811427,2.018867924528302,107,48,0.6758718931007235,54
2024-08-09,54,54,0.7605441014071869,0.7565188886152219,2.111111111111111,114,49,0.7692470502740695,60
2024-08-10,84,84,0.6908844912599996,0.6941155062101493,2.25,189,65,0.6768527231254312,105
2024-08-11,71,71,0.7212631547103414,0.7224234840234215,2.295774647887324,163,61,0.6928833341676647,92
2024-08-12,61,61,0.7594169132575406,0.7594444636379224,1.8032786885245902,110,49,0.7489025508702609,49
2024-08-13,74,74,0.7540714438104306,0.7563352734416082,1.7567567567567568,130,46,0.7332608568854813,56
2024-08-14,77,77,0.7811481749061192,0.781850843323724,1.8831168831168832,145,51,0.7558211878135274,68
2024-08-15,59,59,0.7683755162914832,0.7688373498680021,1.8983050847457628,112,42,0.7331059308346853,53
2024-08-16,81,81,0.73246598766069,0.7430135889157418,1.654320987654321,134,49,0.6673226871553848,53
2024-08-17,70,70,0.6912564201489453,0.7007494258722082,1.957142857142857,137,49,0.6618004516140895,67
2024-08-18,78,78,0.7404625554542272,0.7391834087250828,2.2948717948717947,179,59,0.7087750836962114,101
2024-08-19,62,62,0.6826392439271929,0.6868311185093773,2.435483870967742,151,50,0.653011008717814,89
2024-08-20,65,65,0.6724947529851696,0.6695819544757714,1.9230769230769231,125,56,0.6818759542087598,60
2024-08-21,66,66,0.7166261358269524,0.7129081789038704,1.9545454545454546,129,46,0.6993828092345812,63
2024-08-22,68,68,0.6870552393263161,0.6935667312186445,2.264705882352941,154,69,0.6478467358858065,86
2024-08-23,67,67,0.7284025774616091,0.7235793196036621,2.8805970149253732,193,65,0.71195981841655,126
2024-08-24,70,70,0.7277685965946759,0.7345179697347417,2.3142857142857145,162,52,0.704648994943965,92
2024-08-25,77,77,0.7006464447154717,0.7077920932849168,1.9610389610389611,151,46,0.7025556691693483,74
2024-08-26,71,71,0.7311257116589854,0.7332579069949532,2.0140845070422535,143,53,0.700809928204284,72
2024-08-27,75,75,0.723923472014128,0.7221831441590415,1.64,123,42,0.7058204400770973,48
2024-08-28,69,69,0.7139747705087163,0.7145963963264892,2.9565217391304346,204,76,0.6640640191006748,135
2024-08-29,53,53,0.7298656162073967,0.7379764666287802,2.7547169811320753,146,64,0.6769812975278253,93
2024-08-30,62,62,0.690685908108082,0.7011265364667829,2.4193548387096775,150,61,0.6886402300719484,88
2024-08-31,83,83,0.7088359521711165,0.7101913550524258,2.2409638554216866,186,63,0.7107615128031511,103
2024-09-01,89,89,0.7627340124723211,0.7724629658447922,2.056179775280899,183,61,0.7149280782983632,94
2024-09-02,76,76,0.7083788045918599,0.7107184185928853,2.3026315789473686,175,68,0.6783734725383053,99
2024-09-03,65,65,0.7047250149143867,0.7063646828612526,1.8307692307692307,119,45,0.7075526448994541,54
2024-09-04,62,62,0.7087351939866587,0.7104212805192403,2.0161290322580645,125,59,0.7122798504370762,63
2024-09-05,64,64,0.6988171189918163,0.7152371991704493,2.203125,141,57,0.6431194637983542,77
2024-09-06,57,57,0.7114948255288466,0.7213824395780217,1.912280701754386,109,48,0.7122275459559102,52
2024-09-07,77,77,0.7525904705211712,0.7539813716169147,2.0,154,58,0.7293754675809085,77
2024-09-08,91,91,0.679202560786406,0.6859584486288269,2.0549450549450547,187,75,0.6705325197986581,96
2024-09-09,61,61,0.7065213431819908,0.7097872871709383,2.3442622950819674,143,57,0.6435619924321095,82
2024-09-10,76,76,0.734827094236605,0.7451121161020969,1.75,133,50,0.7061513311090225,57
2024-09-11,69,69,0.6975639747677633,0.7085595228776349,2.36231884057971,163,60,0.6649853296420062,94
2024-09-12,79,79,0.7295324502672087,0.7355822004284214,2.0759493670886076,164,58,0.7143738441733823,85
2024-09-13,77,77,0.7550037490129442,0.7626664335228285,1.87012987012987,144,52,0.7022046335346086,67
2024-09-14,78,78,0.7733308460095721,0.7792175539957386,2.0256410256410255,158,53,0.7476628725799389,80
2024-09-15,72,72,0.7420758237916179,0.7488688809368156,1.9583333333333333,141,53,0.7378417879410447,69
2024-09-16,79,79,0.7170167087658132,0.7163606102222402,1.518987341772152,120,47,0.7066654903301515,41
2024-09-17,87,87,0.6938088382730518,0.7043171995376296,2.310344827586207,201,71,0.6752370857591673,114
2024-09-18,113,113,0.7408369111054638,0.7446721522569172,2.3008849557522124,260,81,0.7015331365030626,147
2024-09-19,104,104,0.7285798497005747,0.7421477349278296,2.076923076923077,216,66,0.6853362429926397,112
2024-09-20,81,81,0.7775637352712984,0.7808578963855534,2.1481481481481484,174,74,0.736532961115813,93
2024-09-21,99,99,0.6954879254834474,0.7003214411720153,1.8080808080808082,179,62,0.6871301203947552,80
2024-09-22,95,95,0.7505978877697047,0.7518547707823572,2.094736842105263,199,67,0.7415094906457576,104
2024-09-23,105,105,0.7204000940399489,0.7234749084258312,2.3904761904761904,251,73,0.6974852631519814,146
2024-09-24,86,86,0.7311827911356794,0.7343725066482649,2.2209302325581395,191,59,0.694677341458688,105
2024-09-25,81,81,0.7163708243742463,0.7186386337739072,1.9753086419753085,160,56,0.7083624509315187,79
2024-09-26,84,84,0.696904661845717,0.7075324569942006,1.8928571428571428,159,52,0.6853205101685625,75
2024-09-27,85,85,0.757032189460778,0.760784065755227,2.164705882352941,184,68,0.7005739816683136,99
2024-09-28,78,78,0.6813094440231223,0.6869378523849943,2.6794871794871793,209,64,0.6569038841401579,131
2024-09-29,88,88,0.7362351962463343,0.7393172034231358,1.5113636363636365,133,48,0.6833877145514852,45
2024-09-30,26,26,0.6845248497347091,0.6927379823885335,1.6538461538461537,43,26,0.7160971158143888,17
2024-10-01,7,7,0.7767124432538237,0.7843055157515006,2.7142857142857144,19,15,0.7297158887315738,12
2024-10-02,3,3,0.7834866322163078,0.8240807368937465,2.0,6,4,0.7121016337639755,3
2024-10-03,5,5,0.7228292725538139,0.7268179629101521,4.0,20,15,0.5632548394612968,15
2024-10-04,4,4,0.8908123986588583,0.8899830033381779,2.0,8,6,0.8563028797507286,4
2024-10-05,7,7,0.7541800264801298,0.7555407829485931,2.142857142857143,15,12,0.7422696987787882,8
2024-10-06,8,8,0.8245632183176302,0.8427569283411289,2.375,19,10,0.8056305281649855,11
2024-10-07,14,14,0.7633488234204535,0.7648064548392908,2.142857142857143,30,25,0.7083601160953655,16
2024-10-08,6,6,0.8272957181558013,0.8247439892223429,1.5,9,6,0.811487584395541,3
2024-10-09,10,10,0.6649715934063076,0.6679403169171794,1.6,16,11,0.7110110974486267,6
2024-10-10,7,7,0.47204886858401723,0.483347168951345,6.0,42,31,0.47677863097939555,35
2024-10-11,8,8,0.7857540378992867,0.8003999421797094,2.5,20,14,0.6953249150311708,12
2024-10-12,6,6,0.796957711517491,0.7979785702819567,3.3333333333333335,20,11,0.7292056426017856,14
2024-10-13,9,9,0.5844572535361586,0.5821764423073363,3.6666666666666665,33,21,0.608624079725658,24
2024-10-14,9,9,0.6490146064797393,0.6730348481417254,2.2222222222222223,20,14,0.6614143394399434,11
2024-10-15,7,7,0.7176327351335582,0.7398229530455526,2.2857142857142856,16,13,0.6976413073187525,9
2024-10-16,9,9,0.7047435144859331,0.7005434679396358,2.2222222222222223,20,15,0.7050671572983265,11
2024-10-17,9,9,0.6864969124327654,0.6935258546821129,3.111111111111111,28,18,0.6246361550209778,19
2024-10-18,8,8,0.6142320321174338,0.6305345466632085,1.75,14,10,0.5539548081744995,6
2024-10-19,6,6,0.7093955321983275,0.7082900112269052,3.3333333333333335,20,17,0.7581359054794841,14
2024-10-20,14,14,0.8043018530890975,0.8093535582216465,1.7857142857142858,25,14,0.8097600501324191,11
2024-10-21,12,12,0.7736346949093296,0.7767901660284514,2.0,24,17,0.7258748760731476,12
2024-10-22,10,10,0.7837273771765189,0.7643569556700807,1.8,18,15,0.7146898734227216,8
2024-10-23,13,13,0.7570974166291359,0.7537081148059834,2.5384615384615383,33,20,0.71728961895797,20
2024-10-24,8,8,0.7291485719373062,0.7114893558917434,3.25,26,18,0.6305721318229842,18
2024-10-25,12,12,0.7620184440165758,0.7529729322564823,2.3333333333333335,28,20,0.6875728476969968,16
2024-10-26,8,8,0.7331699737361773,0.7335329251533205,1.125,9,6,0.6727665753702724,1
2024-10-27,10,10,0.7018653349004065,0.7016037294383819,3.8,38,31,0.6908880498162225,28
2024-10-28,13,13,0.6785754264378409,0.6717936149761544,2.4615384615384617,32,20,0.6299870646955068,19
2024-10-29,11,11,0.6452092818264175,0.6691917840556387,3.0,33,23,0.7073133326878752,22
2024-10-30,10,10,0.6885865617928923,0.6643437749262722,2.8,28,21,0.7787009821971879,18
2024-10-31,10,10,0.7099119726970555,0.7453270427920238,1.7,17,11,0.6980874841203208,7
2024-11-01,11,11,0.8128131203598936,0.8098869505818143,2.272727272727273,25,20,0.7518557096794248,14
2024-11-02,9,9,0.6575791939805594,0.6531452015253003,4.333333333333333,39,29,0.662232966042864,30
2024-11-03,10,10,0.587441180803387,0.5957316475092537,2.7,27,20,0.5602908618682486,17
2024-11-04,8,8,0.6981560596680931,0.6961639138089135,2.25,18,15,0.696993260725518,10
2024-11-05,8,8,0.681285289485924,0.6745722945491295,3.125,25,21,0.7702245671912319,17
2024-11-06,13,13,0.8193540190822238,0.8201874219184836,2.8461538461538463,37,27,0.742050246885453,24
2024-11-07,10,10,0.8752615041852794,0.8816355651600963,2.1,21,10,0.8706113757566728,11
2024-11-08,10,10,0.723909549642953,0.7208003205167225,2.7,27,19,0.6843362556724453,17
2024-11-09,10,10,0.9234026585817338,0.9234026585817338,1.0,10,4,0.9234026585817338,0
2024-11-10,17,17,0.7410957667352552,0.748531942861459,2.2941176470588234,39,17,0.7302210161487326,22
2024-11-11,15,15,0.7681706153694048,0.7750310269197223,2.2,33,22,0.7137325257533277,18
2024-11-12,17,17,0.580934794243457,0.5837340367242551,2.2941176470588234,39,26,0.5850322925067979,22
2024-11-13,9,9,0.6914747909056368,0.6974618673048637,2.0,18,13,0.7260837227657989,9
2024-11-14,14,14,0.7412145670055222,0.7535376478540178,2.642857142857143,37,25,0.7384405194805125,23
2024-11-15,10,10,0.5730640039195876,0.567211024271671,3.4,34,26,0.6874958076742569,24
2024-11-16,12,12,0.6287983030825715,0.6315836798575927,2.0,24,17,0.6926887102137295,12
2024-11-17,8,8,0.7740252083189929,0.8002286188264858,4.375,35,19,0.760518265704787,27
2024-11-18,8,8,0.7174240069375152,0.7174240069375152,1.625,13,12,0.7459285961075144,5
2024-11-19,14,14,0.689996243164032,0.6990861086521571,2.7142857142857144,38,34,0.6584759297993099,24
2024-11-20,13,13,0.7136130632210628,0.7120914936077837,3.0,39,30,0.6135762169405266,26
2024-11-21,16,16,0.7489175873362837,0.7491767054432639,3.625,58,31,0.7551423013946932,42
2024-11-22,8,8,0.6894267252775736,0.7135586153181106,3.75,30,20,0.5466218719362385,22
2024-11-23,9,9,0.5282006154733676,0.5282006154733676,1.8888888888888888,17,14,0.6257507280245715,8
2024-11-24,15,15,0.6913568859806696,0.6863964932000717,2.4,36,21,0.5885426337151467,21
2024-11-25,13,13,0.6626186378488262,0.6623251910022746,4.461538461538462,58,27,0.6610361354503463,45
2024-11-26,12,12,0.704617838292486,0.7038270968943835,1.5,18,10,0.6419885714020994,6
2024-11-27,8,8,0.7747493197287744,0.7849166569722724,2.75,22,18,0.7581225235099819,14
2024-11-28,12,12,0.6797052749923264,0.6587671281277448,3.1666666666666665,38,27,0.6033000048960425,26
2024-11-29,12,12,0.7090195923756526,0.715471506825757,2.1666666666666665,26,11,0.6788841633215361,14
2024-11-30,12,12,0.7833743762897534,0.7866887281317069,1.8333333333333333,22,14,0.6917490876844209,10
2024-12-01,11,11,0.6275578828240929,0.6292776779162806,1.1818181818181819,13,9,0.6660281303151077,2
2024-12-02,15,15,0.7512605082574818,0.7535514288888709,2.0,30,21,0.7348284976763858,15
2024-12-03,14,14,0.5853048120874779,0.5778167444231388,1.1428571428571428,16,9,0.5306193835931481,2
2024-12-04,11,11,0.6957970931403991,0.7183979046091857,2.4545454545454546,27,10,0.5852418263878755,16
2024-12-05,11,11,0.7069704185757373,0.7141431616723565,3.272727272727273,36,19,0.6989654783090508,25
2024-12-06,6,6,0.7216710351683475,0.7244306741489305,1.3333333333333333,8,6,0.7470960610856613,2
2024-12-07,16,16,0.6890859400358456,0.6883658027509227,2.6875,43,24,0.6667453826715548,27
2024-12-08,14,14,0.764207966705692,0.7819427098820494,3.0,42,23,0.7173664376998788,28
2024-12-09,8,8,0.7976543709485916,0.7832880386192885,3.0,24,12,0.7730514048887258,16
2024-12-10,11,11,0.7095277200415354,0.713827626410439,1.9090909090909092,21,16,0.7043710707553795,10
2024-12-11,20,20,0.6008585222510414,0.6109515413890282,2.05,41,24,0.5623467460274696,21
2024-12-12,8,8,0.5164730920223519,0.5367432608036324,2.5,20,17,0.5642989633449663,12
2024-12-13,11,11,0.7599114498921803,0.7629019384840866,1.5454545454545454,17,13,0.7704998307994434,6
2024-12-14,11,11,0.6226664814652768,0.642401955917673,3.0,33,23,0.6657945697763401,22
2024-12-15,95,95,0.7399769365030437,0.7410014327701339,1.768421052631579,168,53,0.7299428894308913,73
2024-12-16,106,106,0.7675798021702005,0.7760400158560216,2.2358490566037736,237,71,0.7104693325924694,131
2024-12-17,111,111,0.7708030340031395,0.7751976929715753,2.108108108108108,234,70,0.7545112580197169,123
2024-12-18,112,112,0.7312209309266002,0.740226670969005,2.017857142857143,226,68,0.6891324656078335,114
2024-12-19,90,90,0.7621019772393313,0.7664661498952526,2.3555555555555556,212,80,0.7609963274635471,122
2024-12-20,119,119,0.7525998854204692,0.7569116309859807,1.8991596638655461,226,70,0.7254841150341861,107
2024-12-21,91,91,0.7582887123992501,0.7598509444753825,1.9230769230769231,175,62,0.7201606215401888,84
2024-12-22,109,109,0.773481158646518,0.7790902731923658,2.055045871559633,224,55,0.7456348564317464,115
2024-12-23,88,88,0.7846534354081928,0.7880428632913891,2.215909090909091,195,70,0.7618318730362301,107
2024-12-24,119,119,0.7465414478142063,0.7500717690539884,2.008403361344538,239,75,0.7427256355611241,120
2024-12-25,156,156,0.7939479971110556,0.7945089431743152,1.8525641025641026,289,85,0.7677089102593365,133
2024-12-26,89,89,0.8128071314654808,0.8112022244963376,1.9887640449438202,177,57,0.7646707674790725,88
2024-12-27,114,114,0.7534558473273028,0.7571316509700475,1.868421052631579,213,74,0.7449652869242733,99
2024-12-28,125,125,0.756503337975327,0.7623641802011921,2.816,352,102,0.7212421169732981,227
2024-12-29,114,114,0.7789081462873754,0.7847950686553576,2.0,228,67,0.7373961098608298,114
2024-12-30,103,103,0.7668857589796528,0.7713836921763833,2.0388349514563107,210,58,0.7338342466914047,107
2024-12-31,99,99,0.8129144147351501,0.8156258253027721,1.9898989898989898,197,63,0.7857854722769484,98
2025-01-01,91,91,0.7877734158194586,0.7892447045331596,2.197802197802198,200,57,0.7312364016148085,109
2025-01-02,109,109,0.7340963844719665,0.744890947508343,2.6055045871559632,284,91,0.7178098200463771,175
2025-01-03,90,90,0.7537032233840117,0.753274880465827,1.9,171,48,0.7504409848652817,81
2025-01-04,114,114,0.6998278078774951,0.7037443152075998,2.017543859649123,230,66,0.7035348392876178,116
2025-01-05,116,116,0.7178126826850191,0.7138908690599842,2.5344827586206895,294,76,0.7197431288174628,178
2025-01-06,110,110,0.7582568888904533,0.7619350251093537,2.4727272727272727,272,78,0.7111384469342381,162
2025-01-07,92,92,0.7343662610412823,0.7365082613997423,2.652173913043478,244,79,0.726592558726137,152
2025-01-08,128,128,0.7396251487682048,0.74004012939214,2.5078125,321,93,0.695095851005035,193
2025-01-09,94,94,0.7509796905742593,0.7535875888714686,2.5638297872340425,241,73,0.7208172575220108,147
2025-01-10,108,108,0.7529424254481087,0.7640590413169761,3.0833333333333335,333,89,0.7132765757644424,225
2025-01-11,97,97,0.7708950257923599,0.7763895617022961,2.216494845360825,215,72,0.7125138801363502,118
2025-01-12,97,97,0.7481162083226904,0.7508637265221819,2.134020618556701,207,67,0.7245555219578077,110
2025-01-13,97,97,0.7660652045923505,0.7701492953301843,2.0721649484536084,201,65,0.7409309277452648,104
2025-01-14,94,94,0.7408248835370509,0.7526866325357275,2.095744680851064,197,65,0.6929830219038156,103
2025-01-15,100,100,0.7758500793880408,0.7786297827201498,2.46,246,70,0.7271847225826106,146
2025-01-16,105,105,0.7763155995621919,0.7812652056843236,1.9904761904761905,209,69,0.7526457034802265,104
2025-01-17,95,95,0.7465234929061288,0.7469465106270198,2.1578947368421053,205,83,0.7106209629554734,110
2025-01-18,93,93,0.738641491011448,0.742479220912506,1.946236559139785,181,60,0.7064040067272878,88
2025-01-19,124,124,0.7283898702489792,0.7334159531047072,2.274193548387097,282,73,0.7276783640423807,158
2025-01-20,116,116,0.7550216081169008,0.7554333698407159,1.896551724137931,220,55,0.7412298688817136,104
2025-01-21,157,157,0.7636516457555387,0.7664182765624592,1.8853503184713376,296,81,0.7475388394418087,139
2025-01-22,134,134,0.7426722864611662,0.7445516943307834,2.1641791044776117,290,80,0.7270319545072531,156
2025-01-23,96,96,0.7189919653630054,0.7276026867443273,2.0416666666666665,196,61,0.6807032908476308,100
2025-01-24,104,104,0.7262080600964056,0.7245479588210616,2.644230769230769,275,91,0.7183066888239239,171
2025-01-25,102,102,0.7349786066332801,0.74020720475266,2.519607843137255,257,90,0.7431252824025656,155
2025-01-26,102,102,0.7242055514100847,0.730860046635978,2.4411764705882355,249,78,0.6963743810561395,147
2025-01-27,91,91,0.7302001277139332,0.73713330295966,2.5934065934065935,236,76,0.7110785558851739,145
2025-01-28,87,87,0.7327593850127933,0.734565286029162,2.574712643678161,224,76,0.6841209247279191,137
2025-01-29,120,120,0.7261236385359112,0.7309993084603864,2.1333333333333333,256,88,0.7153974892327297,136
2025-01-30,101,101,0.7569086645187187,0.756466627008627,2.1584158415841586,218,65,0.7154955598961718,117
2025-01-31,106,106,0.7134532430279551,0.7196357426369829,2.2735849056603774,241,70,0.7014864514587938,135
2025-02-01,105,105,0.7596435530698517,0.7644278135722544,1.838095238095238,193,64,0.753187131973147,88
2025-02-02,111,111,0.7322295170714791,0.735155364411328,1.981981981981982,220,74,0.6973176206385694,109
2025-02-03,87,87,0.7058544632841979,0.7108367697365643,2.2873563218390807,199,76,0.6691540808711285,112
2025-02-04,128,128,0.7468918793420569,0.7546333358526675,2.453125,314,90,0.7353130488632053,186
2025-02-05,105,105,0.7489092844006067,0.7563114512307106,1.980952380952381,208,68,0.7393117640810121,103
2025-02-06,88,88,0.7308511308493252,0.7362674556558425,2.272727272727273,200,68,0.7030900092257852,112
2025-02-07,97,97,0.7152165661776183,0.7203918318868596,2.216494845360825,215,76,0.7165583258051164,118
2025-02-08,92,92,0.7716124777084252,0.7759339016594463,2.032608695652174,187,54,0.726053563217892,95
2025-02-09,83,83,0.7536838805694224,0.7540380300657881,2.1927710843373496,182,53,0.725983638971934,99
2025-02-10,75,75,0.7210638709818115,0.7333169920907258,2.2266666666666666,167,62,0.6930411557271174,92
2025-02-11,83,83,0.71231183271442,0.7182416014725675,2.180722891566265,181,71,0.6833542856777034,98
2025-02-12,95,95,0.7563007880623475,0.7582954747867715,2.136842105263158,203,66,0.7087709316705939,108
2025-02-13,106,106,0.7522377584096515,0.7588728221086206,2.1037735849056602,223,67,0.6938002592036832,117
2025-02-14,86,86,0.695594105214198,0.69525897784166,1.9651162790697674,169,62,0.6993017225072021,83
2025-02-15,82,82,0.7385781011231165,0.7402049810057777,1.8048780487804879,148,51,0.7033791649226191,66
2025-02-16,102,102,0.7046965539484386,0.7116948433339068,2.6470588235294117,270,78,0.7248005116648237,168
2025-02-17,99,99,0.7404582141703578,0.7411547178076984,2.393939393939394,237,80,0.7098110794955401,138
2025-02-18,112,112,0.7406992767339504,0.747671340138664,2.25,252,72,0.7069451193444104,140
2025-02-19,133,133,0.7175977773588778,0.7201449605156166,2.330827067669173,310,94,0.6876493427608698,177
2025-02-20,117,117,0.7206937738455566,0.7253340671282401,2.6923076923076925,315,90,0.6856031948105823,198
2025-02-21,117,117,0.7153234805103957,0.7220247136944993,2.2564102564102564,264,85,0.6884617642955627,147
2025-02-22,119,119,0.6912912236437735,0.6977001601854023,2.0,238,77,0.6781221317065933,119
2025-02-23,148,148,0.7329739781166734,0.7364084319894598,2.027027027027027,300,74,0.7298380462669836,152
2025-02-24,139,139,0.754511341245929,0.7568782861202507,2.158273381294964,300,84,0.7084527509583859,161
2025-02-25,149,149,0.7370626727757027,0.7444431081603963,2.3624161073825505,352,80,0.7060601918598824,203
2025-02-26,133,133,0.6928203070472546,0.6889170015071684,2.3609022556390977,314,88,0.6710211176809858,181
2025-02-27,119,119,0.7587100955204189,0.76540135571198,2.563025210084034,305,84,0.7345693427119953,186
2025-02-28,134,134,0.7627433458513602,0.7672721937286825,2.0671641791044775,277,77,0.7282898199557213,143
2025-03-01,149,149,0.7172528576876938,0.7216208136728325,2.046979865771812,305,88,0.6777107701062152,156
2025-03-02,193,193,0.7599696043453539,0.7618781113197739,1.9637305699481866,379,92,0.7294318016176388,186
2025-03-03,134,134,0.7393859711615792,0.7371146863730973,2.044776119402985,274,72,0.690099791075083,140
2025-03-04,55,55,0.7126301483392463,0.7216715515865262,2.090909090909091,115,48,0.6690368580076869,60
2025-03-05,70,70,0.7448902953693157,0.7531804270607622,1.9428571428571428,136,57,0.7291232904016278,66
2025-03-06,64,64,0.7641994486839173,0.7673210674892625,2.203125,141,57,0.7473107678370622,77
2025-03-07,74,74,0.7523881601813832,0.7626170736847608,2.081081081081081,154,66,0.7345746075884355,80
2025-03-08,58,58,0.73628838178599,0.7374306185831512,1.8448275862068966,107,47,0.6851925320792176,49
2025-03-09,52,52,0.7328757625084745,0.7428531406209071,2.2884615384615383,119,48,0.6968219950069274,67
2025-03-10,55,55,0.7715795683797748,0.7836097011404803,1.8181818181818181,100,31,0.733405107218875,45
2025-03-11,72,72,0.7383752499953867,0.7437158468206618,2.5277777777777777,182,61,0.7236630550884628,110
2025-03-12,66,66,0.7840314833092347,0.7862060444621928,2.015151515151515,133,53,0.7308717285781349,67
2025-03-13,64,64,0.7592932648487767,0.764054150326081,2.75,176,68,0.7452101053213557,112
2025-03-14,47,47,0.7532964839353948,0.7494651176092348,2.2127659574468086,104,47,0.6977505433834945,57
2025-03-15,58,58,0.7674317467423744,0.7665438416896632,1.6206896551724137,94,27,0.7196186658891052,36
2025-03-16,54,54,0.6911186077104694,0.689060591896574,2.925925925925926,158,66,0.6528104112910676,104
2025-03-17,48,48,0.616843478175857,0.6400412590576037,2.5833333333333335,124,57,0.6231644886040614,76
2025-03-18,65,65,0.7276951363810135,0.7217763854214203,2.076923076923077,135,52,0.7149949551966364,70
2025-03-19,51,51,0.7003435704390251,0.7013550945002968,2.176470588235294,111,55,0.6321139510236576,60
2025-03-20,53,53,0.7125783064264212,0.7233564729166521,2.6037735849056602,138,51,0.7074864860195398,85
2025-03-21,55,55,0.7083884507208539,0.7200498966274668,2.1636363636363636,119,47,0.7408346526530701,64
2025-03-22,65,65,0.7438685549798462,0.7426275867720327,2.0615384615384613,134,47,0.7267310925741803,69
2025-03-23,63,63,0.7813141041008139,0.7870523141369424,2.0,126,38,0.679549142216259,63
2025-03-24,82,82,0.6637676816090887,0.6722936573453467,2.5609756097560976,210,76,0.6705592721068759,128
2025-03-25,65,65,0.724333623603127,0.7332068217704629,2.3846153846153846,155,54,0.6577667067125317,90
2025-03-26,58,58,0.7107781511353792,0.7161782910823327,2.3448275862068964,136,60,0.6880689883766752,78
2025-03-27,66,66,0.7428808912139064,0.7425270281840638,1.803030303030303,119,34,0.7338949228769791,53
2025-03-28,58,58,0.7087701304782158,0.715237753351158,2.2758620689655173,132,41,0.6817133794471079,74
2025-03-29,52,52,0.7048462356178138,0.7147859432254944,2.1346153846153846,111,47,0.6913617746980595,59
2025-03-30,53,53,0.7287883007090459,0.7227983317469238,2.509433962264151,133,48,0.6910375668739314,80
2025-03-31,54,54,0.764296833579804,0.7594547789732327,2.462962962962963,133,47,0.7537008503694156,79
2025-04-01,126,126,0.7052302030100375,0.7060765177312949,2.2698412698412698,286,76,0.6867330426227057,160
2025-04-02,110,110,0.7087917121174677,0.7135916449623022,2.3454545454545452,258,81,0.6904818163400374,148
2025-04-03,113,113,0.7335756184205569,0.7389405386096674,2.8053097345132745,317,88,0.7052944066183658,204
2025-04-04,122,122,0.7191852930519115,0.7241724668947358,2.4098360655737703,294,80,0.6744479551097943,172
2025-04-05,139,139,0.7049742907893959,0.706679914906321,2.4244604316546763,337,93,0.6899539578720145,198
2025-04-06,127,127,0.7590214450696683,0.7619216315918306,1.8818897637795275,239,69,0.717551631530187,112
2025-04-07,113,113,0.7407523765807466,0.7462810031996884,2.0442477876106193,231,65,0.6980267969620949,118
2025-04-08,106,106,0.7361042574097946,0.746716538025214,2.2169811320754715,235,67,0.6812057068052247,129
2025-04-09,136,136,0.6967708037491087,0.6988019843937305,2.514705882352941,342,97,0.6935520521916081,206
2025-04-10,116,116,0.7231018748671441,0.7273395973436467,1.9655172413793103,228,71,0.7112679456842623,112
2025-04-11,104,104,0.7384311741389317,0.7434547267700888,2.0288461538461537,211,69,0.7166773126916124,107
2025-04-12,120,120,0.7062156451409496,0.7118449220411688,2.3583333333333334,283,83,0.6717739869981069,163
2025-04-13,106,106,0.7085739255966635,0.7150599413172015,1.8867924528301887,200,51,0.6986996419773592,94
2025-04-14,103,103,0.7178739211692056,0.7172375053304538,2.1262135922330097,219,73,0.6912066352161905,116
2025-04-15,119,119,0.7068066076693619,0.7182783179544473,2.1848739495798317,260,87,0.6723556564687545,141
2025-04-16,102,102,0.7115357944106632,0.711577843424641,2.235294117647059,228,71,0.7123594806327,126
2025-04-17,106,106,0.7619173423338063,0.7709941481893937,2.047169811320755,217,81,0.7351732751054213,111
2025-04-18,117,117,0.7495420479331129,0.7530254763278548,1.9230769230769231,225,71,0.7204055046331101,108
2025-04-19,117,117,0.7226447614355139,0.7325746013657167,2.0256410256410255,237,72,0.6925198346408494,120
2025-04-20,127,127,0.7528959135184424,0.754995034677167,2.338582677165354,297,88,0.7128074341143394,170
2025-04-21,133,133,0.7489156011099162,0.752577108788877,1.6917293233082706,225,58,0.7235523821784262,92
2025-04-22,120,120,0.7076602710167863,0.7130055603785687,1.8583333333333334,223,69,0.6960872371563614,103
2025-04-23,125,125,0.7507700929087493,0.750207071243134,2.216,277,89,0.7182964064025514,152
2025-04-24,119,119,0.7637220788652039,0.7705626515005063,2.3865546218487395,284,85,0.7110252270447089,165
2025-04-25,121,121,0.7391975568696342,0.7410683996019691,1.9834710743801653,240,77,0.7024152094665319,119
2025-04-26,121,121,0.7621479535415048,0.7690008841749724,1.8181818181818181,220,50,0.7322092007042982,99
2025-04-27,113,113,0.767149340835939,0.7688225958873697,1.9557522123893805,221,68,0.7395443407963666,108
2025-04-28,134,134,0.7155089094614677,0.7213977674759117,1.8805970149253732,252,80,0.6605271069561122,118
2025-04-29,119,119,0.7193869496280216,0.7198404662931864,2.2184873949579833,264,82,0.7148685802981589,145
2025-04-30,130,130,0.7123598594739856,0.7125096684766454,1.9923076923076923,259,68,0.7088554265320818,129
2025-05-01,127,127,0.755955928741934,0.7585164502196556,1.7007874015748032,216,73,0.7289961643849329,89
2025-05-02,136,136,0.7230126678101532,0.7254350011899057,1.8823529411764706,256,72,0.7180601821286969,120
2025-05-03,104,104,0.6908037489667767,0.6973999459429716,1.8942307692307692,197,60,0.6932436843095985,93
2025-05-04,131,131,0.7509431458201277,0.7545936184776028,2.2519083969465647,295,86,0.7004727601272215,164
2025-05-05,160,160,0.768541870650976,0.7722123989533685,2.14375,343,96,0.7068449725839261,183
2025-05-06,153,153,0.7543982798318243,0.7573121862896559,2.130718954248366,326,83,0.7360151503441829,173
2025-05-07,153,153,0.7290021139790265,0.7323760258221023,2.0,306,83,0.7203201770460853,153
2025-05-08,8,8,0.6200512844114288,0.6462177523779703,5.375,43,25,0.5983407334280164,35
2025-09-01,85,85,0.7694877008613216,0.7678274312772178,1.6588235294117648,141,52,0.7414639562760755,56
2025-09-02,68,68,0.7162613965692649,0.7188392478597374,2.176470588235294,148,46,0.7033983709457203,80
2025-09-03,89,89,0.7200246936969942,0.7251445799879234,2.3258426966292136,207,64,0.7156483514137578,118
2025-09-04,65,65,0.7854868505711337,0.7946018612731043,1.9846153846153847,129,39,0.7528578669036298,64
2025-09-05,91,91,0.7348333221333556,0.7380311449591517,2.0549450549450547,187,67,0.7151054859866167,96
2025-09-06,97,97,0.7658336964929745,0.7667501635177091,1.711340206185567,166,54,0.7469012248892714,69
2025-09-07,116,116,0.7195041236826942,0.7255596125334359,2.1120689655172415,245,77,0.6938079960734647,129
2025-09-08,90,90,0.7261825553217829,0.7243001453999343,2.1666666666666665,195,62,0.7041996341385611,105
2025-09-09,74,74,0.7182731350002338,0.72107264875863,2.6216216216216215,194,71,0.6816484439146012,120
2025-09-10,68,68,0.7658955544751788,0.7754446112636348,2.3088235294117645,157,53,0.7693025003722676,89
2025-09-11,89,89,0.6866586223976294,0.6983220038072728,2.3146067415730336,206,64,0.6166798213738751,117
2025-09-12,92,92,0.7717160111492319,0.771759289664281,2.217391304347826,204,66,0.7486894416409938,112
2025-09-13,89,89,0.7548946904592012,0.7522650658701466,2.056179775280899,183,72,0.7200816300375169,94
2025-09-14,84,84,0.7195619936193608,0.7311795201490886,1.9761904761904763,166,55,0.7230245560773595,82
2025-09-15,82,82,0.7463274761041033,0.7497735353308612,2.3292682926829267,191,64,0.7432655035237324,109
2025-09-16,82,82,0.7135647183476825,0.7201821714351859,2.0121951219512195,165,65,0.6697635387710669,83
2025-09-17,85,85,0.7851834644863444,0.7931246880873539,2.0823529411764707,177,53,0.7451087453288271,92
2025-09-18,77,77,0.7678376590374417,0.7792141331738333,1.9090909090909092,147,48,0.7430479464721982,70
2025-09-19,89,89,0.7904128088748301,0.7946500691743917,1.7865168539325842,159,46,0.7540772485814489,70
2025-09-20,87,87,0.7820743977790106,0.7807694076207415,1.9540229885057472,170,59,0.7643551560170281,83
2025-09-21,103,103,0.7771052656116598,0.7803959031076803,1.6990291262135921,175,58,0.7534696584486422,72
2025-09-22,84,84,0.7885017631716503,0.793400099266943,1.8452380952380953,155,50,0.7197795057324899,71
2025-09-23,95,95,0.7564294408280536,0.7580048642688847,1.5789473684210527,150,46,0.7338090666044431,55
2025-09-24,87,87,0.7267102790240765,0.7257915300611254,1.6091954022988506,140,46,0.7022858153861617,53
2025-09-25,87,87,0.7679237472462785,0.7686218977278116,2.0344827586206895,177,61,0.7384904342572558,90
2025-09-26,88,88,0.7772764596981159,0.7815364948195884,2.5113636363636362,221,69,0.7304975140525497,133
2025-09-27,120,120,0.7288725852140199,0.7325144417635614,2.1083333333333334,253,70,0.7248464853331892,133
2025-09-28,99,99,0.7353597726070057,0.7410897791670401,2.2626262626262625,224,72,0.7139834310328851,125
2025-09-29,80,80,0.7323850269755232,0.7371551477095203,1.7,136,49,0.7012166140992524,56
2025-09-30,94,94,0.7682991663880145,0.7779910368485145,2.021276595744681,190,69,0.7377364112089174,96
2025-10-01,95,95,0.7666375899262923,0.7714551853079995,1.831578947368421,174,56,0.7350188033278177,79
2025-10-02,71,71,0.7481403249032414,0.7460300858384014,1.8169014084507042,129,50,0.7271784670679337,58
2025-10-03,71,71,0.7932939447449541,0.8043938449477308,2.0422535211267605,145,53,0.7597352351486321,74
2025-10-04,92,92,0.7232755877623986,0.7245007281717948,2.010869565217391,185,53,0.7282845349596698,93
2025-10-05,82,82,0.730143175315392,0.741281450899298,2.0365853658536586,167,50,0.7266745408393356,85
2025-10-06,89,89,0.7793266062505594,0.7862882733168696,1.9775280898876404,176,45,0.7482706500142239,87
2025-10-07,106,106,0.7276808622548456,0.737926771654395,1.830188679245283,194,59,0.6686882953482486,88
2025-10-08,100,100,0.7192535939211814,0.7252710608731475,1.94,194,63,0.7074591662368247,94
2025-10-09,93,93,0.7492099528689942,0.754896040326259,2.182795698924731,203,66,0.7561532011352472,110
2025-10-10,72,72,0.7343395201596203,0.7396058426581481,2.4166666666666665,174,55,0.7002045558270414,102
2025-10-11,104,104,0.7656490050069054,0.7657795426695094,2.0096153846153846,209,60,0.7251588151389802,105
2025-10-12,120,120,0.8076319757325714,0.8120880553189402,1.9,228,61,0.7805347166295515,108
2025-10-13,105,105,0.7492652202639942,0.7531203098304581,2.1523809523809523,226,76,0.6799146264183702,121
2025-10-14,9,9,0.5605057127106889,0.5558812899239086,1.5555555555555556,14,10,0.5997734284338853,5
